title,country,language,cost,releaseDate,genre
Grass-roots holistic strategy,Congo,Bashkir,72.29,2016-12-17,Mystery
Stand-alone background info-mediaries,Guyana,Avaric,65.03,1997-04-09,Horror
Integrated attitude-oriented frame,United States of America,Afrikaans,264.27,2017-03-25,Drama
Object-based context-sensitive standardization,Bosnia and Herzegovina,Sinhala,49.56,2002-06-10,Documentary
Focused tangible data-warehouse,Guatemala,Swahili,34.61,1996-11-27,Drama
Multi-lateral empowering architecture,Belize,Occitan,186.25,2022-02-21,Mystery
Compatible even-keeled capacity,Bermuda,Latin,108.9,1995-09-12,Horror
Persevering dynamic attitude,Togo,Bambara,194.77,2011-03-27,Horror
Fully-configurable local standardization,Portugal,Bihari languages,136.6,1997-01-17,Comedy
Virtual reciprocal flexibility,Finland,Abkhazian,181.71,2001-07-20,Fantasy
Balanced background software,Saint Lucia,Igbo,141.63,2005-05-27,Mystery
Devolved systematic standardization,Croatia,Bulgarian,231.76,2003-01-13,Fantasy
Networked 6thgeneration archive,Guadeloupe,Tonga,294.65,2012-10-10,Romance
Visionary fault-tolerant Graphic Interface,Kyrgyz Republic,Pushto,118.72,1998-07-20,Sci-Fi
User-friendly mobile parallelism,Norfolk Island,Lingala,213.45,2015-12-15,Fantasy
Multi-lateral interactive firmware,Montserrat,Greek,58.04,2020-06-04,Action
Multi-channeled fault-tolerant access,Malawi,Amharic,76.47,2023-02-23,Romance
Ergonomic systemic migration,Uruguay,Aymara,167.71,2000-04-29,Horror
Upgradable client-driven algorithm,Western Sahara,Greek,179.28,1999-02-27,Action
Right-sized even-keeled moderator,Mongolia,Quechua,93.02,2004-07-22,Thriller
Expanded maximized throughput,Saint Kitts and Nevis,Japanese,70.18,2000-11-23,Romance
Total tangible infrastructure,Kiribati,Yoruba,28.86,2013-05-25,Mystery
Stand-alone tertiary open architecture,Sudan,Quechua,24.54,1994-05-28,Romance
Future-proofed exuding migration,Oman,Arabic,274.19,2023-06-06,Documentary
Exclusive holistic benchmark,Niue,Tagalog,28.73,2020-08-08,Comedy
Balanced dynamic analyzer,Niue,French,284.45,2013-05-27,Documentary
Optimized value-added implementation,Pakistan,Sardinian,200.15,2019-10-27,Comedy
Universal tertiary hub,Portugal,Swedish,91.37,2018-11-28,Horror
Seamless optimal migration,Aruba,Chichewa,3.08,2006-07-23,Thriller
Programmable bi-directional parallelism,Equatorial Guinea,Chuvash,207.38,2020-06-12,Sci-Fi
Face-to-face bi-directional info-mediaries,Bermuda,Sundanese,91.09,2014-01-27,Drama
Reactive radical leverage,Hungary,Ukrainian,236.51,2012-12-18,Thriller
Face-to-face context-sensitive firmware,Costa Rica,Ojibwa,90.75,2000-11-13,Sci-Fi
Visionary maximized toolset,Montserrat,Bashkir,152.83,2001-10-15,Horror
Operative multimedia task-force,Taiwan,Central Khmer,3.99,2006-12-17,Documentary
Vision-oriented hybrid model,Tonga,Oromo,190.26,2022-02-07,Comedy
Automated stable analyzer,American Samoa,Fulah,195.97,2010-11-17,Romance
Polarized modular middleware,Oman,Belarusian,137.7,2013-09-16,Fantasy
Quality-focused context-sensitive capacity,Czech Republic,Tonga,269.52,2006-01-22,Drama
Business-focused grid-enabled service-desk,Lebanon,French,287.84,1994-02-15,Documentary
Fundamental solution-oriented instruction set,Ireland,Ukrainian,273.39,2008-12-30,Drama
Realigned zero tolerance website,Bahamas,Afrikaans,298.45,2016-03-16,Romance
Universal contextually-based infrastructure,Anguilla,Chinese,245.7,2002-03-23,Fantasy
Seamless 5thgeneration hardware,Egypt,Yoruba,287.57,2019-04-03,Sci-Fi
Profit-focused homogeneous budgetary management,Guam,Kurdish,176.84,2022-09-29,Documentary
Cross-platform high-level open system,Chile,Kurdish,91.32,2021-04-12,Romance
Open-architected upward-trending synergy,Norway,Western Frisian,297.82,2018-09-30,Mystery
Fundamental 24hour extranet,Honduras,Finnish,54.73,2013-11-17,Thriller
Reverse-engineered full-range synergy,Turks and Caicos Islands,Bambara,81.73,2006-12-10,Thriller
Implemented even-keeled matrix,Djibouti,Cree,12.21,2018-02-08,Comedy
Down-sized methodical project,Wallis and Futuna,Haitian,91.25,2022-07-17,Documentary
Innovative user-facing strategy,Tanzania,Corsican,110.85,2007-02-09,Drama
Optimized mission-critical matrices,Germany,Uzbek,77.01,2005-05-18,Thriller
Open-architected human-resource emulation,Cayman Islands,Icelandic,210.09,2018-09-11,Mystery
Exclusive clear-thinking project,United Kingdom,Haitian,165.51,1997-04-26,Drama
Mandatory mission-critical firmware,Hungary,Sardinian,278.35,2001-07-08,Drama
Reduced neutral secured line,Netherlands,Chamorro,97.65,2019-10-23,Action
Integrated intangible success,Christmas Island,Hausa,71.76,2012-04-24,Thriller
Customer-focused tangible knowledgebase,Saint Lucia,Kirghiz,236.11,2018-05-30,Thriller
Enhanced intangible interface,Portugal,Divehi,289.46,2004-09-14,Fantasy
Streamlined user-facing portal,Maldives,Bulgarian,30.45,1995-07-16,Comedy
Assimilated attitude-oriented model,Gambia,Czech,208.88,2003-06-14,Action
Distributed 5thgeneration circuit,Jamaica,Oromo,267.54,1996-03-20,Mystery
Distributed reciprocal model,American Samoa,Arabic,200.41,2014-03-30,Mystery
Adaptive actuating structure,United Kingdom,Sundanese,161.07,1996-10-02,Thriller
Right-sized content-based complexity,Nigeria,Venda,174.94,2016-03-21,Thriller
Mandatory holistic approach,Solomon Islands,Hindi,185.51,2019-05-13,Drama
Persevering motivating neural-net,Austria,Zhuang,247.68,1995-04-24,Mystery
Vision-oriented regional extranet,Singapore,Azerbaijani,163.12,1995-10-04,Documentary
Multi-channeled radical groupware,Mayotte,Burmese,260.08,2017-07-31,Fantasy
Business-focused radical structure,Saint Barthelemy,Tibetan,254.25,2008-05-17,Drama
Future-proofed explicit neural-net,Philippines,Catalan,119.89,2004-07-27,Comedy
De-engineered multi-tasking time-frame,Tokelau,Kalaallisut,161.84,2003-08-22,Sci-Fi
Multi-tiered asymmetric workforce,Costa Rica,Ojibwa,25.55,2003-09-21,Horror
Programmable high-level infrastructure,Guinea-Bissau,Turkmen,119.79,2002-07-11,Drama
Automated value-added matrices,Malta,Sango,274.21,2008-07-30,Mystery
Inverse 24hour toolset,Fiji,Sardinian,104.6,2020-10-08,Comedy
Re-engineered asymmetric Graphic Interface,Rwanda,Maori,180.66,2014-09-16,Action
Integrated value-added software,Kuwait,Portuguese,145.65,2006-04-11,Romance
Versatile bottom-line alliance,Malaysia,Tagalog,161.24,1994-12-30,Thriller
Robust tertiary interface,French Polynesia,Albanian,2.17,2013-04-11,Mystery
Open-source coherent encryption,Rwanda,Yiddish,184.84,2003-09-26,Mystery
Automated demand-driven projection,Slovenia,Aragonese,112.45,1996-10-23,Mystery
Proactive directional toolset,Syrian Arab Republic,Occitan,109.06,2005-06-08,Fantasy
Cross-platform client-driven time-frame,Portugal,Pali,74.92,2018-01-06,Sci-Fi
Organized clear-thinking product,Kyrgyz Republic,Tibetan,183.15,2013-09-22,Horror
Optional bifurcated archive,Cape Verde,Turkish,166.24,2020-10-07,Mystery
Open-architected heuristic installation,Equatorial Guinea,Lingala,136.16,2018-08-05,Documentary
Inverse reciprocal secured line,Suriname,Nauru,61.42,2015-05-09,Comedy
Decentralized bifurcated synergy,Moldova,Aragonese,173.57,2013-09-13,Sci-Fi
Monitored eco-centric budgetary management,Anguilla,Twi,173.49,2021-06-04,Horror
Operative next generation challenge,Guyana,Telugu,70.08,1997-10-19,Drama
Switchable motivating synergy,United States Virgin Islands,Dzongkha,14.7,2016-12-08,Horror
Distributed static open architecture,Brunei Darussalam,Tahitian,209.55,1995-06-11,Thriller
Virtual actuating leverage,Canada,Esperanto,80.04,2016-05-09,Thriller
Multi-layered motivating Graphic Interface,Nepal,Malagasy,211.05,1999-02-10,Romance
Quality-focused scalable open architecture,Timor-Leste,Afar,222.21,2017-05-29,Documentary
Object-based neutral middleware,Cayman Islands,North Ndebele,285.37,2008-01-27,Fantasy
Fully-configurable zero tolerance moratorium,Togo,Northern Sami,27.25,2018-02-02,Thriller
Open-architected bandwidth-monitored matrices,Grenada,Ganda,8.02,2012-06-07,Mystery
Integrated analyzing help-desk,Swaziland,Sindhi,100.95,2015-06-21,Horror
Open-architected cohesive Local Area Network,Poland,Interlingua,284.1,1995-09-15,Sci-Fi
Persevering zero tolerance orchestration,Netherlands,Turkmen,271.33,2004-09-18,Drama
Assimilated discrete alliance,Guadeloupe,Nepali,107.35,2024-01-09,Documentary
Multi-layered mission-critical knowledge user,Panama,Tatar,154.02,2010-10-16,Comedy
Visionary empowering neural-net,Nicaragua,Yiddish,122.99,2011-10-19,Romance
Horizontal empowering system engine,Congo,Kalaallisut,13.36,2012-02-01,Thriller
Adaptive needs-based superstructure,Denmark,Kurdish,114.39,2023-10-03,Fantasy
Devolved 24/7 open system,Albania,Vietnamese,212.32,1994-07-30,Fantasy
Implemented impactful productivity,Mozambique,Tamil,211.7,2000-07-18,Action
Mandatory bandwidth-monitored toolset,Kiribati,Dzongkha,213.63,2017-09-23,Thriller
Total heuristic time-frame,Brunei Darussalam,Turkish,266.08,2006-10-02,Romance
Total exuding data-warehouse,Austria,Kinyarwanda,3.87,2019-09-05,Horror
Face-to-face actuating knowledge user,Cayman Islands,Bihari languages,18.1,2023-06-05,Mystery
Realigned value-added initiative,Norway,Tahitian,133.51,2001-06-30,Comedy
Ameliorated scalable concept,Korea,Avestan,39.88,1996-01-14,Comedy
Switchable multi-tasking instruction set,Isle of Man,Catalan,107.55,1997-03-22,Mystery
Customer-focused fault-tolerant project,Montserrat,Tibetan,289.99,2004-04-27,Sci-Fi
Extended national frame,Romania,Korean,124.94,2020-06-24,Romance
Compatible leadingedge protocol,Holy See (Vatican City State),Sango,58.02,2012-01-18,Romance
Automated dynamic contingency,Macao,Oriya,108.12,1998-05-26,Drama
Organized next generation methodology,Czech Republic,Ojibwa,209.55,2008-04-29,Thriller
Reverse-engineered attitude-oriented interface,Cuba,Yoruba,241.06,2010-08-10,Fantasy
Realigned 24/7 infrastructure,Mali,Swati,53.83,2018-09-20,Horror
Open-architected eco-centric orchestration,Belgium,Inupiaq,287.34,2020-12-02,Sci-Fi
Re-engineered global software,United Kingdom,Hindi,65.16,2016-01-11,Fantasy
Enterprise-wide regional core,Israel,Rundi,187.91,2003-05-05,Mystery
Digitized demand-driven encoding,Zimbabwe,Fijian,274.52,1995-07-03,Sci-Fi
Business-focused methodical core,Guam,Kurdish,248.44,2006-10-28,Fantasy
Quality-focused heuristic website,Sweden,Norwegian Nynorsk,54.4,1997-09-14,Mystery
Customer-focused modular utilization,Wallis and Futuna,Malayalam,81.6,2019-02-25,Comedy
Devolved homogeneous support,Turkmenistan,Persian,265.21,2003-09-26,Comedy
Visionary neutral process improvement,Honduras,Aragonese,277.69,2004-04-14,Documentary
Expanded tertiary frame,Guatemala,Portuguese,6.0,2011-07-18,Drama
Realigned even-keeled moderator,Reunion,Arabic,155.08,2015-02-21,Sci-Fi
Operative user-facing orchestration,Russian Federation,Yoruba,82.97,2018-07-06,Documentary
Public-key impactful Internet solution,Heard Island and McDonald Islands,Quechua,42.02,1995-04-23,Drama
Customizable zero administration benchmark,Belize,Abkhazian,101.88,2020-09-12,Mystery
Total coherent encoding,Guam,Malay,70.03,2000-08-02,Comedy
Polarized local project,India,Arabic,289.03,2022-02-18,Horror
Focused zero tolerance groupware,Sudan,Kannada,173.96,1994-12-22,Thriller
De-engineered composite help-desk,Grenada,Avaric,49.31,2001-10-14,Thriller
Visionary reciprocal knowledge user,Tonga,Pali,141.43,2007-06-09,Thriller
Reverse-engineered hybrid functionalities,Guinea,Greek,30.46,2006-11-11,Mystery
Progressive executive pricing structure,Moldova,Abkhazian,28.86,2019-11-10,Horror
Multi-layered user-facing application,Mayotte,Sichuan Yi,161.52,1999-03-26,Fantasy
Digitized composite attitude,Congo,Fulah,105.83,2021-10-03,Romance
Managed multimedia solution,Singapore,"Sotho, Southern",167.83,1999-03-30,Fantasy
Sharable national algorithm,Costa Rica,Walloon,144.4,2003-05-15,Horror
Cross-platform 4thgeneration pricing structure,Botswana,Yoruba,209.59,2014-11-17,Romance
Inverse well-modulated encryption,Anguilla,Hausa,118.47,1994-07-01,Mystery
Automated discrete project,Malawi,Wolof,43.47,2022-02-22,Drama
Progressive exuding matrix,Namibia,Breton,137.18,2010-05-17,Sci-Fi
User-centric clear-thinking customer loyalty,Uzbekistan,Fulah,257.52,2015-09-12,Horror
Operative upward-trending middleware,Falkland Islands (Malvinas),Inupiaq,195.45,2023-06-11,Action
Distributed systematic hub,Palau,Sichuan Yi,41.64,2013-12-14,Romance
Synchronized user-facing Graphical User Interface,Nigeria,Nepali,38.99,2016-08-04,Action
Stand-alone uniform website,Andorra,Sanskrit,281.98,2011-04-04,Horror
User-centric tangible approach,Saint Barthelemy,Slovak,32.97,1995-08-12,Sci-Fi
Reactive optimizing synergy,Djibouti,Kuanyama,171.22,2022-10-09,Drama
Progressive optimizing flexibility,Saint Vincent and the Grenadines,Burmese,86.38,2007-12-31,Mystery
Mandatory web-enabled productivity,Zimbabwe,Hiri Motu,71.1,2014-07-01,Fantasy
Phased 3rdgeneration productivity,Svalbard & Jan Mayen Islands,North Ndebele,142.53,2019-09-10,Horror
Ameliorated background methodology,United States of America,Ndonga,42.61,1997-07-23,Romance
Synergized explicit hierarchy,Benin,Uighur,258.97,2020-02-14,Mystery
Open-source system-worthy middleware,Mauritania,Vietnamese,64.35,2009-12-01,Documentary
Focused tangible matrix,Greece,Swati,93.84,2013-01-28,Sci-Fi
Stand-alone real-time infrastructure,Zambia,Guarani,35.05,2020-04-23,Thriller
Automated real-time attitude,Libyan Arab Jamahiriya,Amharic,101.07,2001-10-11,Mystery
Distributed motivating extranet,Yemen,Luba-Katanga,89.26,2023-09-09,Documentary
Synchronized intermediate Graphic Interface,Bolivia,Corsican,237.55,2008-10-13,Romance
Digitized dedicated complexity,French Guiana,"Sotho, Southern",32.12,1999-08-17,Romance
Quality-focused exuding neural-net,Luxembourg,Bulgarian,202.84,2020-07-02,Mystery
Optimized bifurcated project,United States of America,Bihari languages,75.53,2015-01-15,Comedy
Re-contextualized leadingedge product,Western Sahara,Kashmiri,283.77,2016-09-27,Documentary
Ameliorated transitional hardware,Chile,Serbian,257.9,2008-07-08,Thriller
Grass-roots stable methodology,Argentina,Indonesian,56.3,2013-05-25,Thriller
Total holistic encoding,Cambodia,Ewe,20.92,2007-09-06,Thriller
Seamless bi-directional Graphical User Interface,France,Maori,241.13,2017-07-23,Drama
Vision-oriented upward-trending migration,Switzerland,Turkmen,284.9,1994-02-24,Action
Multi-lateral reciprocal core,Solomon Islands,Tajik,219.58,2021-01-22,Thriller
Upgradable attitude-oriented archive,Morocco,Thai,110.53,2003-08-21,Mystery
Proactive next generation utilization,Djibouti,Kashmiri,207.27,2009-07-12,Horror
Integrated optimal Graphic Interface,Romania,Telugu,39.3,1997-01-14,Drama
Progressive 3rdgeneration parallelism,Spain,Zulu,273.1,1995-03-07,Thriller
Proactive uniform toolset,Egypt,Mongolian,143.51,2017-08-25,Action
Synchronized multimedia open architecture,Micronesia,Irish,62.93,1998-04-08,Horror
Polarized directional capacity,Heard Island and McDonald Islands,English,206.49,2011-07-23,Romance
Vision-oriented zero tolerance knowledge user,Malta,Breton,44.73,2021-09-21,Drama
Reactive explicit circuit,Hong Kong,Tonga,204.28,2012-08-02,Action
Assimilated scalable definition,Faroe Islands,Northern Sami,69.47,2017-06-29,Romance
Advanced asynchronous matrices,Somalia,Basque,133.75,2022-01-14,Thriller
Customizable 5thgeneration groupware,Seychelles,Latin,59.27,1999-02-24,Documentary
Open-source object-oriented superstructure,Czech Republic,Belarusian,150.57,2016-12-09,Romance
Right-sized holistic interface,Guam,Ganda,158.69,2000-03-06,Action
Switchable intangible installation,Puerto Rico,Serbian,239.52,2004-04-24,Action
Focused bottom-line Local Area Network,Brazil,Xhosa,212.08,2021-12-27,Sci-Fi
Persevering clear-thinking Internet solution,Burundi,Portuguese,133.01,2005-03-01,Documentary
Synergistic dynamic conglomeration,Cameroon,Armenian,248.49,2011-10-13,Drama
User-centric multimedia adapter,Reunion,Spanish,192.01,1999-12-25,Mystery
Programmable interactive Graphical User Interface,Comoros,Zhuang,235.85,2016-08-17,Fantasy
Mandatory grid-enabled initiative,Pakistan,Tatar,132.71,2005-03-29,Fantasy
Enterprise-wide mobile challenge,Djibouti,Kalaallisut,299.82,2016-07-09,Horror
Monitored executive solution,Korea,Maltese,241.9,2022-12-05,Romance
Business-focused local challenge,Tanzania,Slovak,27.34,2000-03-29,Documentary
Centralized attitude-oriented task-force,Madagascar,Chinese,219.71,2001-05-11,Fantasy
Quality-focused needs-based strategy,Montenegro,French,298.25,2009-07-13,Comedy
Adaptive eco-centric conglomeration,Bahrain,Galician,38.82,2012-10-14,Comedy
Profound mobile toolset,Ireland,Norwegian Nynorsk,277.43,2011-08-07,Drama
Streamlined coherent moderator,Ukraine,Tahitian,76.0,2021-05-06,Comedy
Centralized 4thgeneration challenge,Uganda,Mongolian,31.68,1995-07-17,Fantasy
Profit-focused stable conglomeration,Peru,Turkish,210.24,2022-08-04,Drama
Diverse transitional collaboration,New Caledonia,Burmese,178.1,2007-11-07,Fantasy
Front-line fresh-thinking time-frame,Tajikistan,Church Slavic,284.61,2008-11-10,Romance
Optional solution-oriented superstructure,Niger,Vietnamese,50.28,2021-01-23,Drama
Open-architected composite project,Costa Rica,Slovak,187.75,2014-08-11,Fantasy
Digitized bifurcated knowledgebase,Christmas Island,Azerbaijani,241.18,2008-12-04,Action
Profit-focused grid-enabled matrix,Malta,Cornish,232.34,1999-09-22,Romance
Intuitive actuating firmware,Sudan,Luba-Katanga,197.89,2023-06-05,Romance
Vision-oriented clear-thinking throughput,Trinidad and Tobago,Hungarian,123.49,2006-03-23,Action
Robust explicit flexibility,Western Sahara,Ossetian,93.28,2006-01-02,Documentary
Team-oriented homogeneous algorithm,Czech Republic,Sichuan Yi,231.98,2018-09-19,Action
Persistent mission-critical solution,Burkina Faso,Sichuan Yi,136.66,2023-07-17,Comedy
Multi-layered stable adapter,Liberia,Persian,205.71,1995-03-13,Fantasy
User-friendly multi-state definition,Tokelau,Kikuyu,15.23,2021-11-09,Action
Public-key cohesive throughput,Belgium,Chinese,3.79,2004-06-18,Documentary
Balanced disintermediate software,Angola,Norwegian,260.38,2004-03-08,Romance
Total maximized capability,Solomon Islands,North Ndebele,273.76,2003-11-21,Documentary
Profound object-oriented workforce,Egypt,Chuvash,17.46,1997-05-02,Thriller
Monitored exuding model,France,Azerbaijani,135.24,2009-12-07,Mystery
Customizable 5thgeneration encryption,Austria,Chechen,190.26,2015-06-22,Documentary
Networked high-level throughput,Vanuatu,Irish,129.91,2023-04-18,Documentary
Diverse background utilization,Nauru,Northern Sami,93.77,2020-09-25,Documentary
Total non-volatile collaboration,Gabon,Norwegian Nynorsk,143.16,2003-01-01,Sci-Fi
Fully-configurable value-added solution,Guinea-Bissau,Malayalam,189.67,2009-06-07,Fantasy
Up-sized contextually-based algorithm,Germany,Norwegian,84.37,2000-07-01,Horror
Right-sized 3rdgeneration instruction set,Turkey,Bulgarian,131.67,2014-02-20,Horror
Optimized bandwidth-monitored functionalities,United States of America,Chuvash,232.42,1998-02-22,Fantasy
Grass-roots systemic Graphic Interface,Senegal,Faroese,283.37,1998-12-30,Action
Re-engineered heuristic open system,Cyprus,Slovak,286.57,1996-08-09,Sci-Fi
Horizontal optimal access,Mauritius,Ossetian,236.72,2014-11-21,Drama
Customizable 4thgeneration collaboration,Tanzania,Hebrew,247.91,2016-02-03,Mystery
Stand-alone empowering help-desk,Mexico,Ossetian,270.18,2014-06-28,Action
Seamless even-keeled intranet,Bulgaria,Fijian,15.83,2001-07-23,Drama
Devolved background access,Cayman Islands,Wolof,94.52,2010-08-17,Action
Implemented zero tolerance middleware,Saint Martin,Tswana,72.87,2000-08-07,Horror
Assimilated well-modulated policy,Marshall Islands,Avaric,47.86,2014-09-01,Comedy
Future-proofed executive product,Angola,Bulgarian,11.92,2008-10-16,Action
Cross-platform demand-driven architecture,Korea,South Ndebele,10.22,2017-09-06,Thriller
Grass-roots foreground implementation,Pakistan,Kazakh,161.98,2001-02-10,Comedy
Decentralized intangible monitoring,Romania,Galician,211.94,1995-06-18,Drama
Customer-focused empowering methodology,Trinidad and Tobago,Sichuan Yi,293.2,2005-11-06,Horror
Reduced needs-based circuit,Netherlands,Sichuan Yi,13.91,2023-12-25,Romance
Optimized exuding infrastructure,Jamaica,Sardinian,24.0,2011-01-12,Mystery
Multi-lateral intermediate task-force,Chile,Rundi,81.37,1996-02-25,Drama
Open-architected next generation support,Yemen,Cree,15.47,2009-07-30,Documentary
Operative dedicated open system,Cayman Islands,Burmese,226.02,2005-05-29,Documentary
Digitized intangible superstructure,Saint Vincent and the Grenadines,Vietnamese,47.05,2022-07-05,Sci-Fi
Quality-focused bandwidth-monitored protocol,South Georgia and the South Sandwich Islands,Croatian,219.21,1997-05-02,Drama
Future-proofed dynamic complexity,Nepal,Hausa,165.93,2009-11-01,Sci-Fi
Up-sized radical open system,Djibouti,Sindhi,48.56,2015-03-20,Romance
Horizontal bandwidth-monitored forecast,New Caledonia,Chamorro,19.23,2023-11-18,Fantasy
Ameliorated holistic collaboration,Finland,Irish,136.5,2018-11-19,Documentary
Quality-focused demand-driven policy,Guernsey,Tswana,181.01,2019-09-05,Horror
User-centric motivating website,Vietnam,Sanskrit,152.61,2014-04-05,Documentary
Automated foreground success,Russian Federation,Marshallese,151.88,1999-08-16,Thriller
Reactive tangible superstructure,Kyrgyz Republic,Mongolian,51.47,2012-12-27,Drama
Cloned foreground service-desk,Martinique,Uzbek,218.72,2002-02-24,Documentary
Integrated neutral matrices,Guyana,Kazakh,201.47,1997-09-03,Documentary
Future-proofed solution-oriented archive,Chile,Manx,67.28,2004-05-29,Horror
Team-oriented executive moderator,Palau,Georgian,269.28,2005-10-23,Sci-Fi
Team-oriented demand-driven projection,Eritrea,Gujarati,4.28,2020-02-14,Thriller
Vision-oriented dedicated info-mediaries,American Samoa,Afrikaans,31.12,2015-04-22,Comedy
Right-sized real-time approach,El Salvador,Ojibwa,118.57,2016-05-22,Mystery
Fully-configurable actuating groupware,Bolivia,Burmese,141.22,2015-05-11,Action
Public-key regional forecast,Venezuela,Dzongkha,33.24,2005-08-01,Mystery
De-engineered high-level core,Chile,Fulah,174.8,2015-01-05,Sci-Fi
Ergonomic executive groupware,Mayotte,Javanese,268.6,2002-02-02,Action
Optional background extranet,Nepal,Nauru,10.57,2008-09-21,Drama
Horizontal interactive orchestration,Jordan,Wolof,107.42,1999-09-02,Thriller
Synergized reciprocal emulation,Jersey,Western Frisian,132.02,2014-12-21,Horror
Assimilated multi-state focus group,Malaysia,Fulah,213.19,2021-09-08,Mystery
Enhanced interactive portal,Lesotho,Abkhazian,296.91,1996-08-28,Horror
Mandatory system-worthy forecast,Faroe Islands,Kirghiz,177.06,2018-02-27,Comedy
Reduced 6thgeneration toolset,Mauritania,Kongo,213.77,1994-04-18,Action
Reactive next generation website,Sri Lanka,Quechua,47.53,2022-02-23,Action
Reactive empowering encoding,Hungary,Welsh,210.33,2005-06-02,Documentary
Customizable contextually-based infrastructure,Hungary,Basque,49.35,1997-07-16,Action
Polarized human-resource attitude,Lao People's Democratic Republic,Chichewa,187.95,2011-11-10,Drama
Implemented methodical secured line,Aruba,Sanskrit,174.48,1999-05-17,Romance
Public-key uniform challenge,Liberia,Basque,278.02,2018-05-14,Horror
Expanded intermediate conglomeration,Kyrgyz Republic,Hungarian,50.42,2016-11-21,Horror
Adaptive web-enabled Graphical User Interface,Ethiopia,Croatian,98.15,2002-04-15,Fantasy
Upgradable motivating analyzer,Liechtenstein,English,233.6,2023-04-14,Mystery
Optimized didactic website,Trinidad and Tobago,Interlingua,251.66,2022-04-11,Documentary
Cloned empowering implementation,Greenland,Turkish,209.98,2011-11-09,Drama
Automated transitional access,Sao Tome and Principe,Tatar,33.64,2006-01-05,Thriller
Innovative user-facing open architecture,Sao Tome and Principe,Vietnamese,31.72,2000-11-16,Mystery
Universal 4thgeneration framework,Estonia,North Ndebele,27.37,1995-03-07,Horror
Exclusive motivating knowledgebase,New Zealand,Ndonga,146.7,2003-11-30,Fantasy
Distributed dedicated firmware,Eritrea,Hebrew,61.3,2010-08-15,Thriller
Progressive exuding capability,Mayotte,Esperanto,15.57,2008-09-22,Drama
Phased systemic migration,Equatorial Guinea,Kannada,149.05,2020-01-03,Horror
Customer-focused responsive info-mediaries,Latvia,Nepali,5.74,2018-02-24,Drama
Right-sized static application,Paraguay,Haitian,90.74,2012-03-17,Action
Robust homogeneous alliance,Moldova,Western Frisian,211.52,2019-09-18,Comedy
Down-sized upward-trending function,American Samoa,Slovak,2.58,2021-08-25,Action
Enterprise-wide holistic knowledge user,Niger,Kalaallisut,287.22,2022-02-12,Thriller
Right-sized discrete benchmark,Iran,Bislama,10.19,2012-09-30,Horror
Mandatory actuating task-force,Kazakhstan,Galician,230.38,1997-10-30,Comedy
Enterprise-wide bifurcated frame,Japan,Kannada,220.73,2002-02-08,Fantasy
Multi-channeled homogeneous benchmark,Maldives,Zhuang,14.21,2000-08-09,Action
Robust dynamic groupware,Namibia,Indonesian,6.99,2009-10-28,Comedy
Fully-configurable content-based instruction set,Egypt,Western Frisian,269.53,2008-06-13,Drama
Ameliorated dedicated process improvement,American Samoa,Thai,13.51,2016-11-02,Documentary
Synchronized 4thgeneration secured line,Holy See (Vatican City State),Polish,63.94,2013-01-08,Documentary
De-engineered directional workforce,Cyprus,Avaric,285.1,2011-09-12,Comedy
Configurable discrete open architecture,Saint Helena,Nepali,208.11,2011-05-25,Action
Distributed fresh-thinking portal,Chad,Slovak,169.41,2016-03-12,Sci-Fi
Face-to-face multi-state budgetary management,China,Faroese,276.96,2000-01-21,Drama
Total explicit alliance,Saint Martin,Georgian,38.07,2018-04-27,Fantasy
Advanced real-time conglomeration,Cayman Islands,Avestan,278.03,2012-10-17,Mystery
Upgradable global benchmark,Cocos (Keeling) Islands,Icelandic,237.8,1994-06-06,Thriller
Object-based context-sensitive array,Bahamas,Basque,8.32,2013-08-04,Thriller
Networked multi-state installation,Pakistan,Mongolian,25.2,2008-12-28,Sci-Fi
Up-sized methodical solution,French Southern Territories,Javanese,193.67,2006-05-01,Thriller
Enhanced zero tolerance initiative,Marshall Islands,"Sotho, Southern",146.63,2022-06-26,Comedy
Programmable even-keeled open architecture,Latvia,Ewe,260.35,2021-03-30,Documentary
Horizontal non-volatile product,Martinique,Tigrinya,122.27,1996-02-12,Horror
Down-sized holistic ability,Argentina,German,273.21,2012-10-08,Mystery
Centralized hybrid hardware,Vietnam,Polish,203.14,2022-10-22,Horror
Persevering bandwidth-monitored success,Denmark,Irish,138.74,1997-04-27,Fantasy
Integrated systemic throughput,Kenya,Cornish,211.54,2012-10-08,Comedy
Down-sized transitional task-force,Indonesia,Tsonga,43.24,2006-10-02,Fantasy
Digitized content-based strategy,Anguilla,Belarusian,41.95,2017-11-19,Fantasy
Profit-focused 4thgeneration leverage,El Salvador,Komi,185.07,1998-02-20,Romance
Multi-tiered 3rdgeneration access,Cyprus,Marshallese,91.25,1999-02-19,Romance
Profound value-added orchestration,Antarctica (the territory South of 60 deg S),Fulah,219.59,2006-09-28,Documentary
Cross-platform asynchronous customer loyalty,Serbia,Latin,10.38,2005-04-03,Sci-Fi
Multi-tiered multi-state focus group,Iraq,Latin,7.52,2008-03-27,Thriller
Multi-layered next generation policy,Sao Tome and Principe,Marshallese,177.68,2012-07-31,Thriller
Front-line actuating workforce,Cote d'Ivoire,Korean,123.07,2023-12-18,Mystery
Switchable system-worthy function,United States of America,Bambara,29.04,1994-05-19,Mystery
Triple-buffered 5thgeneration emulation,San Marino,Welsh,258.27,2015-04-12,Sci-Fi
Automated scalable portal,Christmas Island,Manx,246.66,2002-02-22,Fantasy
Triple-buffered zero tolerance website,Palestinian Territory,Romanian,266.61,2009-06-24,Comedy
Open-source impactful focus group,United States Virgin Islands,Kinyarwanda,136.07,2018-11-04,Mystery
Reactive composite contingency,Trinidad and Tobago,Lithuanian,277.83,2020-10-14,Horror
Re-contextualized asymmetric model,France,Chinese,214.96,1999-10-05,Drama
Automated logistical collaboration,Sao Tome and Principe,Samoan,200.18,2017-12-12,Sci-Fi
Managed composite analyzer,Romania,Esperanto,201.02,2001-08-23,Romance
Total regional extranet,Heard Island and McDonald Islands,Croatian,74.3,2011-01-04,Action
User-friendly mobile firmware,Isle of Man,Sichuan Yi,125.33,2007-08-24,Documentary
Implemented encompassing leverage,Faroe Islands,Nepali,123.85,2001-04-07,Documentary
Function-based hybrid structure,Switzerland,Albanian,245.15,2004-09-11,Drama
Virtual upward-trending open system,Gabon,Cree,270.15,2021-07-11,Romance
Innovative 5thgeneration policy,United States Minor Outlying Islands,Kongo,102.42,2011-05-14,Romance
Multi-lateral demand-driven adapter,Georgia,Northern Sami,132.46,2004-12-16,Action
Team-oriented mission-critical throughput,Dominican Republic,Aragonese,168.42,1997-08-09,Documentary
Assimilated local firmware,Fiji,Aymara,275.7,2001-10-15,Fantasy
Versatile regional functionalities,Mexico,Norwegian,137.45,2009-02-08,Comedy
Upgradable interactive structure,Antarctica (the territory South of 60 deg S),Sango,43.7,2021-03-18,Mystery
Synergized tertiary model,Belize,Inuktitut,56.32,2004-06-18,Mystery
User-friendly didactic leverage,Uzbekistan,Corsican,182.93,2005-08-06,Action
Front-line radical core,Malta,Italian,213.49,2021-01-27,Comedy
Distributed next generation task-force,Lesotho,Danish,140.88,2002-11-24,Comedy
Reduced zero administration matrix,China,Sinhala,282.48,2009-12-26,Fantasy
Networked solution-oriented standardization,Malta,Swahili,187.35,1997-09-03,Comedy
Reactive content-based methodology,Barbados,Norwegian Nynorsk,98.22,2011-12-08,Drama
Intuitive web-enabled solution,Honduras,Bihari languages,207.23,1997-07-21,Fantasy
Implemented interactive artificial intelligence,Burkina Faso,Kannada,269.84,2020-02-15,Romance
Ergonomic local knowledgebase,Solomon Islands,Norwegian Nynorsk,183.65,1998-01-15,Documentary
Phased executive migration,Iceland,Tamil,28.32,2020-07-15,Thriller
Synergistic discrete structure,Northern Mariana Islands,Hungarian,247.03,2005-10-17,Mystery
Total client-server collaboration,Northern Mariana Islands,Corsican,48.92,1997-09-16,Drama
Networked systematic core,Cook Islands,Hebrew,294.14,2023-01-03,Fantasy
Reactive incremental function,Turks and Caicos Islands,Tibetan,260.46,2004-05-14,Fantasy
Ameliorated demand-driven migration,India,Korean,69.88,2020-03-15,Documentary
Seamless fresh-thinking encryption,Palestinian Territory,French,53.12,2010-04-09,Fantasy
Fully-configurable web-enabled emulation,Bhutan,Bambara,288.56,2012-03-23,Thriller
Fully-configurable grid-enabled archive,Korea,Tagalog,10.82,1995-11-16,Horror
Re-engineered web-enabled strategy,Lithuania,Telugu,219.83,1998-07-14,Drama
Pre-emptive directional conglomeration,Saint Kitts and Nevis,Gujarati,201.86,2018-07-28,Horror
Triple-buffered disintermediate service-desk,Botswana,Kuanyama,235.23,2015-09-18,Documentary
Streamlined asymmetric toolset,Denmark,Ewe,280.24,2020-04-22,Sci-Fi
Enterprise-wide dynamic Local Area Network,Jordan,Portuguese,293.14,1998-11-27,Thriller
Multi-tiered 3rdgeneration matrix,American Samoa,Sanskrit,39.77,2023-09-25,Horror
Implemented systematic utilization,Nauru,Korean,172.21,2018-12-24,Comedy
Diverse human-resource capability,Holy See (Vatican City State),Guarani,253.03,2014-11-26,Horror
Fundamental solution-oriented migration,Sudan,Sichuan Yi,205.2,1999-06-02,Horror
Assimilated logistical time-frame,South Africa,Tajik,183.37,2002-11-22,Action
Digitized background application,Pakistan,Georgian,162.51,2005-07-15,Mystery
Sharable dynamic framework,French Polynesia,Urdu,24.59,2011-04-12,Action
Optional impactful policy,Botswana,Tajik,91.14,1994-08-11,Mystery
Triple-buffered contextually-based knowledgebase,Guernsey,Vietnamese,14.66,2006-05-30,Sci-Fi
Cloned 6thgeneration data-warehouse,Turkmenistan,Somali,259.66,2010-11-22,Drama
Sharable static synergy,Cameroon,Sardinian,58.9,2023-06-30,Comedy
Reverse-engineered heuristic complexity,Suriname,Kurdish,270.59,1998-10-22,Documentary
Re-contextualized real-time emulation,Yemen,Maori,219.52,2002-10-17,Comedy
Cross-platform 4thgeneration budgetary management,Montserrat,Esperanto,98.84,2009-08-05,Comedy
Upgradable grid-enabled paradigm,Luxembourg,Persian,52.73,1998-11-19,Thriller
Enterprise-wide fresh-thinking functionalities,Philippines,Romansh,153.27,1997-12-22,Drama
Customer-focused responsive monitoring,Isle of Man,Wolof,96.92,2022-09-07,Documentary
Managed 5thgeneration product,Serbia,Sindhi,128.59,2014-07-07,Drama
Down-sized clear-thinking neural-net,Montserrat,Armenian,266.38,2018-07-18,Action
Future-proofed methodical info-mediaries,Christmas Island,Akan,20.34,2006-08-03,Action
Switchable contextually-based throughput,Gibraltar,Zhuang,32.72,2009-12-18,Horror
Proactive 3rdgeneration process improvement,Palestinian Territory,Bosnian,150.9,2017-10-09,Thriller
Progressive asymmetric instruction set,Western Sahara,Zulu,177.97,1998-05-30,Horror
Automated scalable circuit,Syrian Arab Republic,Ndonga,59.42,1997-02-22,Romance
Reactive tertiary intranet,Angola,Ewe,53.66,2014-05-22,Comedy
Centralized modular access,Malawi,Kurdish,80.21,2014-11-08,Drama
Focused multi-state benchmark,Mexico,Amharic,274.09,2001-03-19,Comedy
Reactive mission-critical superstructure,Central African Republic,Tswana,63.07,1998-11-28,Drama
Optimized mission-critical moratorium,Antigua and Barbuda,Chechen,137.23,2008-06-20,Fantasy
Assimilated 5thgeneration encryption,Slovenia,Romanian,216.26,2002-04-16,Drama
Universal heuristic flexibility,Namibia,North Ndebele,222.87,2000-07-17,Documentary
Multi-tiered background migration,Togo,Uighur,286.66,2018-04-14,Documentary
Reverse-engineered logistical challenge,Azerbaijan,Bihari languages,11.65,2005-12-23,Romance
Fundamental multimedia access,Mongolia,Chinese,19.78,2010-04-01,Mystery
Extended bandwidth-monitored extranet,Sri Lanka,Danish,93.73,2019-10-08,Horror
Configurable content-based open architecture,Antigua and Barbuda,Cornish,41.51,2001-06-10,Action
Customer-focused local system engine,Turks and Caicos Islands,Chuvash,98.63,2014-06-12,Fantasy
Distributed value-added paradigm,Holy See (Vatican City State),Korean,110.39,2017-10-13,Romance
Mandatory high-level instruction set,Venezuela,Turkmen,263.9,2000-06-01,Action
Phased optimal implementation,Macedonia,Turkish,146.91,2000-09-21,Drama
Down-sized attitude-oriented product,Saint Vincent and the Grenadines,Slovenian,27.46,2009-09-28,Thriller
Down-sized mobile ability,Antigua and Barbuda,Georgian,271.29,2024-01-27,Mystery
Ergonomic user-facing framework,Latvia,Chechen,27.06,1996-01-24,Sci-Fi
Multi-layered client-driven analyzer,Reunion,Kashmiri,192.1,2007-01-24,Horror
Secured empowering project,Greenland,Catalan,152.33,2007-09-20,Fantasy
Pre-emptive client-driven migration,Kiribati,Swati,196.97,2001-08-10,Mystery
Cross-group analyzing archive,Maldives,Tswana,184.12,1998-02-20,Thriller
Fundamental encompassing capacity,Cocos (Keeling) Islands,Kashmiri,179.24,2005-01-22,Mystery
Stand-alone value-added Graphical User Interface,Lao People's Democratic Republic,Zulu,160.33,2020-05-31,Thriller
Team-oriented human-resource database,Chile,Aymara,54.54,2014-09-25,Sci-Fi
User-friendly bifurcated alliance,Croatia,Ojibwa,237.69,2013-04-21,Comedy
Integrated next generation knowledgebase,Lao People's Democratic Republic,Tamil,208.26,2017-11-07,Comedy
Front-line asynchronous policy,Holy See (Vatican City State),Lingala,234.21,2019-03-29,Documentary
Devolved impactful secured line,Monaco,Bashkir,154.34,2019-03-29,Horror
Fundamental human-resource groupware,Comoros,Interlingue,68.5,2007-04-11,Sci-Fi
Distributed real-time application,Cote d'Ivoire,Romansh,201.43,2021-11-22,Thriller
Total optimizing access,Denmark,Hebrew,12.08,2017-05-03,Action
Self-enabling real-time task-force,Vietnam,Hindi,181.73,2012-03-19,Action
Inverse full-range circuit,Afghanistan,Limburgan,242.37,2013-04-01,Documentary
Face-to-face logistical open system,Angola,Ossetian,93.5,2017-01-19,Mystery
Multi-tiered optimal functionalities,Zambia,Inupiaq,268.92,2002-05-03,Fantasy
Extended stable challenge,Moldova,Sardinian,21.8,2010-05-06,Thriller
Centralized global support,Uruguay,Central Khmer,105.23,2003-03-04,Documentary
Up-sized disintermediate array,Antarctica (the territory South of 60 deg S),Cornish,221.99,1998-02-07,Horror
Persistent 5thgeneration service-desk,Canada,German,61.71,2003-07-09,Documentary
Team-oriented well-modulated customer loyalty,Pakistan,Albanian,111.46,2021-05-29,Comedy
Visionary background model,Belarus,Bihari languages,153.2,2012-07-31,Drama
Synchronized optimizing architecture,Turks and Caicos Islands,Zhuang,94.65,1997-03-19,Mystery
Business-focused context-sensitive installation,Tuvalu,Italian,287.08,2022-04-02,Thriller
Customer-focused clear-thinking concept,Afghanistan,Navajo,126.26,2004-02-07,Action
Synchronized multi-state contingency,Macedonia,Gujarati,134.41,2002-08-30,Fantasy
Upgradable intangible flexibility,Iceland,Bengali,125.67,2007-12-03,Fantasy
Exclusive transitional infrastructure,Germany,Nauru,171.46,2002-01-11,Romance
Quality-focused homogeneous middleware,Turks and Caicos Islands,Catalan,222.27,2019-02-24,Documentary
Realigned global neural-net,United States Virgin Islands,Cree,162.65,2021-07-31,Thriller
Programmable didactic synergy,French Polynesia,Japanese,181.41,2019-08-19,Sci-Fi
Visionary coherent installation,Turkey,Nepali,214.2,2016-12-11,Sci-Fi
Grass-roots client-server frame,Jamaica,Fijian,226.49,2010-12-17,Drama
Persevering tertiary customer loyalty,South Africa,North Ndebele,243.75,2007-04-29,Thriller
Fundamental contextually-based intranet,Peru,Tamil,98.99,2016-07-24,Sci-Fi
Centralized actuating standardization,Portugal,Sardinian,245.86,2000-02-02,Comedy
Implemented content-based intranet,San Marino,Corsican,217.39,2018-08-31,Drama
Integrated 24/7 neural-net,Estonia,Tigrinya,133.6,2003-03-31,Romance
Synchronized next generation synergy,Mauritania,Portuguese,134.02,2018-07-02,Mystery
Synchronized coherent migration,Micronesia,Oriya,135.72,2021-02-14,Romance
Business-focused 24/7 array,Honduras,Greek,225.0,2010-09-09,Comedy
Stand-alone multimedia budgetary management,Norfolk Island,Komi,19.04,2023-01-23,Horror
Multi-channeled tertiary hierarchy,Svalbard & Jan Mayen Islands,Hindi,117.4,2017-09-09,Comedy
Ameliorated next generation emulation,Kenya,Amharic,176.3,1999-04-29,Mystery
Multi-channeled leadingedge website,Uganda,Guarani,143.16,2009-05-25,Fantasy
Centralized high-level groupware,Benin,Vietnamese,91.54,2019-10-18,Horror
Open-source bi-directional complexity,Saint Kitts and Nevis,Chechen,113.37,2019-06-02,Horror
Business-focused solution-oriented website,Greece,Occitan,255.76,2021-11-21,Horror
Team-oriented solution-oriented parallelism,Grenada,Sanskrit,249.9,2003-04-02,Comedy
Cross-platform multi-state productivity,Libyan Arab Jamahiriya,Chinese,228.93,2005-06-12,Mystery
Switchable interactive alliance,Guinea-Bissau,Inupiaq,39.64,2008-08-22,Romance
Decentralized bottom-line collaboration,Togo,Nepali,119.09,2010-12-03,Thriller
Phased tangible frame,Slovakia (Slovak Republic),Yoruba,245.46,2013-09-20,Drama
Polarized demand-driven initiative,Portugal,Fijian,39.67,2004-02-24,Sci-Fi
Phased content-based benchmark,Tanzania,North Ndebele,48.17,2009-12-12,Drama
Versatile web-enabled encoding,Netherlands,Inuktitut,289.41,2006-02-06,Documentary
Centralized intermediate analyzer,Macedonia,Kashmiri,209.7,2022-09-20,Horror
Cross-group user-facing product,France,Walloon,163.66,2003-05-29,Thriller
Cloned dynamic time-frame,Ethiopia,Tonga,283.03,2010-04-24,Comedy
Grass-roots attitude-oriented forecast,Germany,Malagasy,126.16,1999-06-04,Action
Virtual needs-based toolset,Antigua and Barbuda,Igbo,25.03,1997-10-18,Sci-Fi
Team-oriented bifurcated intranet,Seychelles,Panjabi,161.66,1998-07-17,Comedy
Cross-platform asynchronous frame,Gibraltar,Gujarati,132.86,2018-05-07,Fantasy
Profound didactic success,Algeria,Telugu,28.74,1995-05-17,Thriller
Exclusive 24/7 system engine,Cook Islands,Czech,155.77,2013-10-25,Romance
Implemented bandwidth-monitored interface,Svalbard & Jan Mayen Islands,Ojibwa,125.88,2002-01-21,Documentary
Pre-emptive clear-thinking paradigm,French Polynesia,Turkish,206.54,1999-02-08,Thriller
Optional static benchmark,Grenada,Tibetan,168.52,1998-04-17,Romance
Persevering optimal synergy,Ethiopia,Avaric,142.91,2023-01-17,Documentary
