name,dob,gender
Mohamed Khan,1981-10-14,M
Michael Shaw,1977-02-04,F
Carrie Miller,2005-07-29,F
Justin Choi,1969-05-01,F
David Long,1992-12-06,M
Dana Cross,1957-04-20,F
Donald Rocha,2002-03-07,F
Kevin Jackson,2005-09-25,F
Brian Jenkins,1999-07-03,M
Nina King,1975-12-08,M
James Chavez,1942-10-11,M
Cody Robinson,1951-01-26,F
Robert Kemp,1956-12-22,M
Charles Lowe,1982-07-26,M
Melissa Taylor,1934-09-08,M
Dennis Owens,1958-07-15,F
Tammy Henderson,1971-10-19,M
Tiffany Brown,1965-05-05,M
Ronald Dean,1934-04-12,F
Shawn Camacho,1978-08-29,M
Janet Harmon,1986-08-12,F
Olivia Allen,1954-09-10,F
Cassandra Mills,1982-09-29,M
Allison Torres,1973-07-15,M
Marie Grant,1935-07-17,M
Michael Howell,1994-12-31,F
Jose George,1946-02-18,F
Sarah Brown,1974-05-22,F
Robert Knox,1981-10-26,F
Richard Franco,1939-03-11,F
Mary Rose,1968-08-18,M
Ronald Mitchell,2003-01-23,M
Justin Garrett,1973-09-16,M
Leslie Villarreal,1969-11-08,M
Timothy Moore,1990-05-17,M
Shaun Mccoy,1962-12-14,F
Sarah Mann,1970-10-20,F
Mariah Edwards,1970-09-30,M
Steven Jackson,1957-03-02,F
Steven Wright,1969-11-28,F
Aaron Ruiz,1963-10-23,M
Robert Walker,1998-04-29,F
Valerie Rodriguez,1956-01-30,M
Eduardo Graves,1995-08-07,F
Daniel Brown,1963-12-10,M
Samuel Noble,1981-08-11,M
Sarah Bradshaw,1982-09-08,F
Monica Robles,1964-06-06,F
Kristen Bailey,1973-01-25,M
Scott Allen,1951-11-19,M
Laurie Gaines,1967-02-19,F
Jose Smith,1986-09-08,M
Shawn Christian,1998-08-24,M
Brandon Mueller,1957-06-28,F
Cody Clark,2003-09-15,M
Brittney White,1969-02-06,F
Nicole Shelton,1949-10-13,F
Meredith Jacobson,1987-04-08,F
Emma Ross,1966-05-14,F
Kaitlin Booker,1999-12-09,M
Julia Morris,1996-09-06,M
Christopher Alvarado,1997-11-24,M
Angela Reynolds,1983-07-29,M
Jennifer Walters,1984-12-18,F
Christine Solis,1960-08-25,M
Eric Henry,1971-04-25,M
Isaac Poole,1986-04-24,M
Justin Hunt,1966-06-20,M
Wendy Brennan,1974-10-27,F
Jeremy Reid,1954-04-28,M
John Wilson,1974-01-18,M
Debbie Powers,1953-05-08,M
Linda Chandler,1976-03-21,M
Rebecca Rogers,1994-06-24,F
Andrea Crawford,1951-05-29,F
Paul Lozano,1938-01-14,F
Timothy Hernandez,2002-06-23,M
Frank Phillips,1954-07-01,M
Kimberly Diaz,2000-11-16,F
Raymond Nelson,1988-09-08,M
Sherri Cross,1996-06-21,F
Seth Ramirez,1957-01-25,M
Brian Chase,2001-01-14,M
Linda Bishop,1968-10-24,M
Andrew Stone,1993-12-05,M
Robert Phillips,1945-10-03,M
Emily Fischer,1939-10-03,M
Jose Sharp,1993-05-17,F
Brian Chan,1957-09-15,F
Eddie Smith,1958-12-03,M
Stephen Padilla,2003-10-28,M
Laura Ware,1990-03-17,M
Wendy Bishop,1968-01-19,M
Stephanie Harvey,1987-02-28,F
George Daniels,1949-02-21,M
Spencer Peterson,1946-05-14,M
Joseph Kelly,1999-12-18,M
Kenneth Perez,1975-10-05,F
Patrick Dennis,1934-04-22,F
Jim Haynes,1960-06-05,F
Amy Jackson,1953-04-20,F
Jeff Smith,1988-05-12,F
Laura Castro,1959-10-03,M
Wendy Ryan,1978-02-23,M
James Vasquez,1989-01-08,M
Michael Hurley,1959-09-25,M
Christopher Sanford,1965-01-13,F
Michelle Reed,1954-04-25,M
Eric Hoover,2002-08-10,F
Jamie Holloway,1984-06-04,F
Jessica Johnson,1959-09-30,F
Charlotte Spencer,1966-10-24,M
Mary Garner,1991-04-18,M
Steven Quinn,1973-02-24,M
Andrea Perez,1972-02-13,F
Brian West,1952-10-02,F
Kevin Torres,1942-07-11,M
Megan Fisher,1946-07-31,F
Joseph Cowan,1996-02-11,M
Amber Rogers,1977-10-29,M
Tom Curtis,1977-02-19,M
Angela Chambers,1951-07-22,M
Deborah Cobb,1992-04-20,F
David Durham,1948-02-01,F
Mrs. Carolyn Ray,1941-12-27,M
Michael Smith,1973-08-20,M
Paul Huff,1933-05-22,M
Gary Campbell,1976-01-04,F
Stephanie Smith,1996-12-07,F
Amanda Brown,1957-11-11,M
Larry Kim,1991-11-21,F
Edwin Barton,1992-07-22,M
Bruce Jones,1964-03-29,M
Jonathan Shaw,1990-02-04,M
Nathan Knight,1954-07-26,F
Stanley Mann,2003-02-18,M
John Knight,1938-10-11,M
Robert Booth,1943-12-24,F
Charles Lopez,1969-11-27,M
Shelby Becker,1972-04-07,M
Jeffrey Fitzpatrick,1984-11-11,F
Jacob Burgess,1949-03-01,F
Alexis Mccullough,1977-12-15,M
Nicole Donaldson,1972-03-07,F
Jim Taylor,1938-08-17,M
Caleb Stein,1994-08-24,M
Shannon Reyes,1941-01-03,F
Jennifer Underwood,1963-04-25,F
Victor Cooper,1979-10-19,F
Thomas Marks,1988-04-25,M
Justin Hernandez,1958-10-26,M
Michael Smith,1933-06-14,F
Christina Gonzales,1958-07-08,F
Raymond Fitzgerald,1959-06-14,M
Jonathan Beltran,1940-04-07,M
Cesar Austin,1965-05-02,F
Keith Richardson,1993-11-29,M
Cheyenne Salinas,1976-05-07,M
Nancy Morris,1996-04-18,F
James Johnson,1955-06-11,F
Kathleen Clayton,1970-09-17,F
Zachary Martinez,1982-12-01,M
Joseph Benton,1964-07-14,M
Kevin Stone,1982-12-26,M
Hannah Hinton,1981-01-22,F
Rebecca Serrano,1945-02-06,M
Robert Fuller,1972-10-07,M
Gregory Brown,1996-09-03,M
Joseph Dillon,2001-11-06,F
Jonathan Spencer,1965-02-18,M
Robert Solomon,1992-06-03,M
Marissa Williams,1962-03-11,M
Joshua Moody,1978-01-24,M
Jared Mitchell,1948-11-28,M
Matthew Cunningham,1983-07-01,F
Brittany Andrade,1991-03-07,M
Martin Randall,1979-04-30,F
Timothy Willis,1976-04-20,F
Mr. Guy Rivera MD,2001-02-22,F
John Hurst,1950-08-15,M
Deborah Hughes,1999-02-17,F
Teresa Ortiz,1978-05-08,M
Brett Long,1992-12-05,M
Leslie Hahn,1975-04-16,M
Tammy Hawkins,1936-09-06,F
Beth Jenkins,1948-01-14,M
Steven Stewart,1968-09-28,M
Bradley Valdez,1967-07-02,M
Ronnie Weaver,1960-09-05,F
Nancy Miller,1972-12-06,M
Christopher Lee,1972-03-05,F
Edgar Pearson,1933-05-18,F
Samantha Gates,1992-04-03,F
Nicholas Henderson,1982-06-17,F
Clifford Trujillo,1940-04-04,M
Diana Jackson,1959-11-27,M
Andrew Juarez,1942-04-04,M
David Smith,1953-08-30,M
Jeremy Peterson,1965-01-30,M
Austin Gay MD,1995-12-22,F
Omar Sharif,2002-01-17,M
Julia Anderson,1942-09-05,F
Lisa Reeves,1942-04-30,M
Kevin Tate,1973-03-02,M
Jeffrey Banks,1949-06-21,F
Kimberly Flores,1996-11-21,M
Jason Bishop,1942-05-22,F
Shelby Wilson,1956-12-21,M
Kimberly Zuniga,1937-04-15,M
Jeffrey Thomas,1989-11-04,F
Alex Bridges,1945-02-18,M
Kristen Guerra,1953-06-02,M
Brittany Scott,1971-02-24,F
Erin Bowers DDS,1977-01-23,M
Kenneth Deleon,1986-09-09,F
David Williams,1953-01-10,F
Steven Nelson,1958-03-19,F
Kayla Herman,1933-03-29,F
John Lyons,1969-12-12,F
Mary Noble,1952-01-29,M
Susan Kramer,1946-07-19,F
Christine Logan,1994-09-02,F
Dr. Brandon Smith,1938-07-27,F
Taylor Brown,1987-10-16,F
John Miller,1949-03-15,M
Susan Walsh,1987-01-06,F
Katherine Gill,1945-06-29,F
Kelly Dunlap,1983-01-20,M
Benjamin Lyons,1943-06-02,F
Shane Dennis,2003-02-22,F
Michael Turner,1940-01-09,M
Matthew Martinez,2000-12-14,M
David Gibson,1980-11-11,M
Dana Martin,1996-03-30,M
Daniel Warren,2000-01-07,F
Patricia Flores,1980-09-29,F
Devin Crawford,1967-03-26,M
Kenneth Hays,1963-03-06,F
Ryan Valdez,2003-12-09,F
Sharon Rosario,1994-02-07,F
Miguel Fleming,1963-07-18,M
Brandon Thompson,1933-12-13,M
Haley Williams,1974-10-14,F
Victor Thompson,1991-06-26,M
Elizabeth Watson,1959-09-30,M
Shannon Scott,1957-09-07,F
Dawn Wallace,1974-05-18,M
Jose Smith,1974-01-26,M
Anthony Nash,1940-09-18,F
Diana Johnson,1984-02-23,M
Timothy Elliott,1957-06-24,M
Thomas Hatfield,1976-05-04,F
Melissa Davis,1942-06-18,M
Charlene Burke,1975-05-02,F
Donald Mitchell,1967-04-14,F
Robert Diaz,1993-06-06,F
Tracy Rodriguez MD,1990-01-27,M
Adam Campos,1959-06-02,M
Jennifer Anderson,1954-02-06,F
Tyler Russell,1960-12-01,F
Jack Harrison,1952-11-27,M
Michele Ramirez,1993-01-24,F
Raymond Ritter,1997-12-18,M
Julie Ali,1965-06-04,F
Janice Hunter,1990-01-31,F
Anna Reyes,1959-06-06,M
Tracy Henderson,1944-09-04,F
Benjamin Calderon,1958-06-03,M
Anne Higgins,1962-03-27,M
Jennifer Hamilton,1951-11-25,F
Chad Gallegos,1974-02-28,F
Katherine Butler,1960-05-09,F
Brad Harvey,2003-03-23,M
Michael Burton,1963-04-02,F
Henry Olsen,1984-02-09,F
Alexa Rivera,1998-10-19,F
Megan Page,1963-01-13,M
Lindsay Wall,1989-05-23,F
Sarah Patton,2003-04-06,F
Jasmine Miranda,1951-11-27,F
Melissa Brown,2001-06-14,F
Douglas Robinson,1962-11-28,F
April Brown,1952-07-16,F
Charles Carter,1945-11-14,M
Linda Taylor,1957-10-28,M
John Wolfe,1953-06-26,F
Brian Foster,1991-08-10,F
Brian Fleming,1945-05-31,M
Michael Branch,1949-11-08,M
Robin Weaver,1936-07-18,M
Kendra Barnes,1978-06-24,F
Bianca Williams,1997-03-14,F
Michelle Kennedy,1949-10-17,F
Jill Caldwell,1998-04-01,M
Jason Gilbert,1933-07-02,F
Eileen Watts,1995-05-07,F
Brandi Diaz,1962-04-17,M
Chase Keller,1997-11-14,M
Kenneth Barnes,2004-07-26,M
Shannon Howell,1993-12-17,M
Jo Edwards,1997-12-26,F
Lisa Fisher,1977-01-17,F
Antonio Kelly,2003-11-02,M
Kimberly Walton,1948-06-24,M
Jordan Rodriguez,1990-11-04,M
Alec Brown,1946-06-22,M
Andrea Smith,1972-06-22,M
Haley Weeks,1939-03-12,F
Alexander Bradley,1934-10-04,F
Stefanie Wright,1945-06-27,F
Maria Hill,1944-08-23,M
Kristina Murphy,1934-12-31,F
John Williams,1970-08-07,M
Jessica Collins,2001-08-18,M
Victoria Moss,2002-02-01,F
Tracy Patel,2004-11-13,F
Michele Salas,1942-07-13,M
Jordan Madden,1995-06-05,M
Sara Lindsey,1992-04-24,F
James Rivera,1972-09-22,F
Collin Cowan,1986-07-23,F
Julie Morrow,1982-05-31,F
Brian Bennett,1964-12-26,F
Ronald Johnson,1957-03-17,F
Dawn Dixon,1961-09-22,F
Laurie Higgins,1933-10-05,F
Mitchell Mora,1968-09-30,F
Leah Vazquez,1939-01-31,M
Mary Kerr,1972-02-23,M
Cynthia White,1933-10-13,M
Joseph Scott,1948-03-06,M
Kimberly Hall,1956-10-18,F
Pamela Ramirez PhD,1949-02-27,F
Morgan Anderson,1934-02-15,F
Kendra Martin,1995-07-10,M
Christian Miller,1948-11-05,F
Ms. Jessica Gonzales,1997-10-22,F
Jose Johnson,1980-10-24,M
Melissa Simmons,2001-08-05,M
Guy Martinez,1952-04-09,M
Todd Dawson,1994-11-30,M
Andrew Walker,1953-08-24,M
Ashley Rose,1970-10-14,M
Jennifer Lee,1990-02-23,M
Christopher Hahn,1946-07-09,F
Charles Berg,1998-09-02,F
Ryan Johns,1951-04-01,F
Alexis Jordan,1975-10-11,M
Tina Knight,1938-07-25,F
Nathan Kim,1994-03-24,M
Victoria Thomas,1942-11-27,M
Donald Flores,1952-12-17,M
Megan Coleman,1970-07-14,F
Brandon Casey,1972-07-08,F
Kathryn Johnson,1954-12-03,M
Peter Moore,1943-07-30,M
Tony Terry,1970-02-23,F
Melissa Logan,1980-01-31,M
Brianna Allen,1990-04-09,F
James Jones,1964-08-22,M
Stacie Johnson DDS,1984-08-11,F
Brandon Patrick,1984-11-27,F
Brian Moreno,1962-10-06,F
Tiffany Owen,1951-01-11,F
Mark Golden,1949-11-26,M
Katherine Luna,1970-04-05,F
Cory Brown,1952-06-16,F
Mary Rose,1977-03-23,M
Isaac Miller,1986-05-14,F
Elaine White,1946-10-16,M
James Smith,1995-04-20,M
Daniel Keith MD,2001-01-03,M
Linda Lester,2001-12-30,F
Judith Gray,1968-03-21,M
Samantha Porter,1978-08-25,F
Manuel Smith,1936-01-25,M
Kimberly Grant,1957-01-08,F
Kimberly Murphy,1996-04-14,M
Jennifer Shelton,1985-04-23,F
Michelle Gutierrez,1966-03-04,F
Richard Guerra,1944-07-25,M
Jill Molina,1975-02-02,F
Jennifer Bell,1958-07-08,M
Barbara Ryan,1998-09-11,M
Deborah Golden,1966-01-31,M
John Soto MD,1998-03-11,F
Kyle Brown,1986-11-26,M
John Smith,1968-07-21,M
Jennifer Gray,1961-05-08,F
Janet Silva,1974-11-23,M
Jennifer Jones,1946-05-04,M
Scott Pham,1999-10-02,M
Kenneth Frank,1999-09-18,M
David Nash,2005-03-01,M
Brandon Cortez,1961-10-31,F
Eric Farley,1996-11-16,F
Kelly Jensen,1979-06-22,F
Kelly Shepherd,1938-05-24,M
Chelsea Barker,1948-04-25,F
Ronald Walker,1935-11-03,F
Terri Hill,1948-08-14,M
William Sanchez,1947-03-12,F
Elizabeth Weber,1950-09-15,M
Mark Smith,1941-03-27,M
Mr. Michael Cross,1973-12-04,M
Christian Ayers,1942-07-18,M
Mr. James Herman DVM,1953-10-23,F
Anthony Anderson,1996-11-10,M
Chad Castillo,1978-06-02,F
Richard Phillips,1946-08-25,F
Joshua Holland,1950-03-04,M
Kevin Nelson,1934-09-01,F
Michael Lutz,1947-08-27,F
Jade Sanders DDS,1988-07-19,M
James Harrison,1953-07-20,M
Sarah Sandoval,1983-04-23,F
Vanessa Morris,1989-08-01,F
Steven Smith,1970-04-08,M
Heather Prince,1969-02-07,F
Melanie Cantu,1958-05-28,F
Matthew Williams,1999-02-05,M
David Sexton,1937-03-08,M
Tara Kidd,1975-12-31,M
Benjamin Ray,1935-12-08,F
Paige Sherman,1940-01-06,F
Robin Turner,1984-09-08,F
Gregory Wright,1982-10-28,F
Matthew Johns,1988-07-14,F
Heather Spencer,2002-09-06,F
Thomas Brown,1965-08-03,F
Brenda Elliott,1990-05-06,F
Nancy Hicks,1978-05-18,F
Miranda Armstrong,2004-05-15,M
Willie Reid,1972-03-09,M
Spencer Brown,1958-05-04,M
Ryan Robinson,2002-05-06,M
Jeffrey Ramsey,1958-10-25,M
Chad Garrison,1953-03-16,F
Andrew Williams,1952-09-15,F
Marie Young,1944-04-17,F
Steven Sanchez,1996-11-12,F
Michael Hill,1978-04-03,M
Levi Mckenzie MD,1934-08-11,M
Colleen Taylor DDS,1942-08-24,M
Shawn Gonzalez,1952-08-23,F
Michelle Hicks,1992-12-20,F
Brenda Mcdonald,1939-12-16,M
Jesse Brown,1990-06-14,F
Angela Schroeder,1957-11-30,F
Michelle Mendoza,1970-02-12,M
Mark Barton,1959-12-24,F
Patricia Fields,1974-03-24,F
Rebecca Johnson,1975-02-11,F
Richard Andersen,1993-04-27,M
Anthony Jackson,1973-07-17,F
Ms. Bonnie Elliott,1959-10-09,M
Alexis Flores,2000-11-23,M
Mrs. Patricia Ibarra,1950-09-08,F
Cheryl Russell,1961-07-06,F
John Williams,1974-03-26,M
Cynthia Dawson,1966-05-23,F
Jenna Young,2005-03-21,F
Danny York,2005-03-19,F
Kelsey Gibson,1986-06-26,F
Kirsten Phillips,1998-12-08,F
Jack Howell,1988-11-27,F
Julie Knight,1965-11-02,M
Jeremy Gutierrez,1946-12-19,M
Austin Khan,1948-12-16,M
Maria Mcbride,1950-06-10,M
Paula Daniels,1938-02-26,M
Shawn Fox,1940-03-19,M
Angie Reynolds,1974-07-31,F
Michael Estrada,1964-03-11,M
Darren Harvey,1987-11-29,M
Chad Hernandez,1980-06-20,F
Stephanie Huerta,1985-12-04,M
Sandra Torres,1994-01-20,F
Elizabeth Hernandez,1976-07-22,M
Zachary Ortiz,1940-09-18,M
Shannon Parker,1983-03-01,F
Andrew Myers,1952-04-25,M
Gabrielle Bradford,2001-02-18,M
David Murray,1984-06-08,M
Kathy Hart,1953-01-01,F
Martha Reed,1983-04-01,M
Diana Kim,1947-06-24,F
Denise Leonard,1986-11-07,M
Edward Dennis,1936-11-18,M
Jessica Santana,2002-09-05,F
Brian Camacho,1958-03-14,M
Anthony Gordon,1988-07-13,M
Joshua Rose,1986-07-11,F
Jose Hughes,1977-11-11,F
Brittany Robinson,1936-06-01,M
Jason Jones,1977-10-25,F
Samuel Lee,1965-02-22,M
James Tran,1954-10-20,M
Marie Jefferson,1989-10-11,F
Heather Rivas,1939-05-25,M
David Pacheco,2005-01-06,F
David Wise,1983-11-22,M
John Wilson,1951-07-23,M
Brandy Christian,1937-01-17,F
Stacy Garcia,1934-11-05,M
Joseph Weeks,1998-04-09,M
Susan Hines,1976-03-13,M
Wayne Stone,1936-01-15,F
Derrick Phelps,1996-12-04,M
Jeffrey Jones,1945-01-29,F
Gina Houston,1945-10-22,M
Mary Butler,1977-09-16,F
Sara Bowman,1934-01-05,F
Amanda Sanchez,1951-02-16,F
Isaac Williams,1943-06-14,F
Jade Lane,1961-10-30,M
William White,1939-02-19,F
David Brock,1952-01-26,M
Morgan Short,2001-09-28,M
Lisa Lamb,1946-06-29,F
Michael Miller,1994-01-08,M
Joshua Robinson,1995-11-03,F
Patricia Cole,1980-05-07,F
Amanda Moore,1943-06-27,F
Christine Daugherty,1939-12-27,M
Jeffrey Watson,1959-12-30,M
Amber Jones,1937-01-23,F
Veronica Mccarthy,1969-12-11,F
Jennifer Young,1941-05-16,F
Amber Jackson,1978-07-14,M
Stephanie Johnson,1948-01-31,M
Brandon Nelson,1998-07-05,F
Cole Hoover,1971-07-27,M
Jasmine Meyer,1964-02-25,M
Emily Hernandez,1991-01-06,F
Emily Young,1994-12-27,F
Sherry Schroeder,1987-07-29,F
Joseph Lopez,1935-10-03,F
Mr. David Young,1939-07-29,F
Traci Sharp,1993-05-07,F
Tamara Burns,1981-07-27,F
Charles Castro,1993-02-19,M
Jasmine Mullen,1953-12-18,M
Gary Lopez,1999-10-10,F
Cody Terrell,1994-08-09,M
Andre Henderson,1990-12-03,M
Gloria Molina,2001-12-09,F
Samantha Garcia,1977-09-03,M
Megan Ali,1939-06-20,F
Nicole Johnson,1946-03-16,F
Edgar Campbell,1965-01-30,F
Tina Escobar,1964-12-02,M
Michael Foster,1947-04-03,F
James Ramos,1947-01-07,M
Rachel Myers,1995-08-14,M
Margaret Gardner,1951-07-04,M
Christopher Dominguez,1965-01-18,F
Peter Griffin,1943-02-01,M
Joanna Jacobs,1950-05-18,M
Bailey Shelton,1991-07-26,M
Kathy Booth,1984-04-25,M
William Wilson,1937-11-01,M
Pamela Foster,1939-12-01,F
Michele Rodriguez,1978-10-16,F
Carol Vargas,1974-08-30,F
Katrina Braun,1939-09-22,M
Andrea Aguilar,1966-10-26,F
Robin Moore,1940-10-24,M
Christopher Stone,1939-02-04,F
Larry Scott,1944-02-14,M
Emma Mcdonald,1987-07-26,F
Dawn Watkins,1991-05-20,M
Erica Steele,1966-06-22,M
Kathy Morgan,1936-06-01,F
James Moore,1945-08-28,F
Douglas Williams,1934-08-18,M
Chris Turner,1985-07-18,M
Jason Carney,1973-09-24,M
Dana Tucker,1947-10-22,F
Brian Bailey,1991-03-12,F
Dustin Morgan,1989-10-27,F
Meghan Tapia,1987-01-24,F
Suzanne Alvarez,1935-04-17,M
Carlos Carroll,1983-03-04,F
James Rice,1985-05-17,F
Blake Long,1974-04-21,M
Whitney Johnson,1983-11-02,M
Oscar Wright,2005-08-02,M
Sara Monroe,2002-12-29,M
Mary Li MD,1984-11-18,F
Henry Williams,1989-07-11,F
Lee Conner,1935-06-08,M
Trevor Holt,1999-06-21,M
Edward Taylor,1946-08-27,F
Gregory Williams,2002-05-27,F
Beth Mays,1970-02-16,F
Christopher Prince,1946-03-25,M
Dorothy Yates,1982-01-21,F
Patricia Perry,1980-05-08,F
Dennis Anderson,2001-07-06,F
Mary Graham,1937-08-28,M
Michael Ruiz,1984-10-14,M
Michael Travis,1944-01-21,M
Allison Newman,1976-07-03,M
Deborah Clark,1979-06-16,F
Michael Mcclain,1979-08-30,M
Melissa Chandler,1988-08-03,F
Henry Williams,1977-08-03,F
Michael Fowler,1979-07-18,F
Angela Silva,1982-08-10,M
Marcus Knapp,1982-08-03,M
Blake Osborne,1978-02-07,M
Timothy Moreno,2003-06-17,M
Lisa Martin,1944-09-22,M
William Day,1988-08-26,F
Brian Turner,1995-03-16,F
Jessica Garza,1933-04-21,F
Karen Trujillo,1937-01-27,F
Barbara Davis,1953-07-06,F
Jessica Potts,1997-07-31,M
Amy Martinez,1959-05-20,M
Barbara Jones,2000-09-17,M
Megan Sellers,1982-12-20,F
Courtney Bennett,1987-05-06,F
Roberto Garcia,2001-11-17,F
Michael Jones,1986-07-07,M
Christopher Sosa,1997-02-03,M
Jenna Butler,1947-09-24,M
Joanna Gates,1977-09-02,M
Heather Vasquez,1965-01-30,M
Megan Haynes,1955-04-15,F
Kimberly Davis,1947-12-05,F
John Weeks,1992-06-19,F
John Pollard,1956-04-22,M
Kimberly Blackburn,2003-06-08,M
Kelli Dougherty,1934-07-20,F
Nicholas King,1942-06-21,M
Albert Williams,1985-08-06,M
Shane Lloyd,1982-03-12,M
Melissa Lynn,1966-08-06,F
Laura Morgan,1957-07-25,M
Hannah Lyons,1999-05-19,F
Bethany Ortiz,1942-07-07,F
Eric Cardenas,1959-03-06,F
Kevin Salinas,1956-09-17,M
Katelyn Johnson,1962-12-27,M
Roberto Peterson,1976-03-30,M
Michael Thomas,1949-10-21,F
Gary Reese,1982-12-16,M
Michael Valencia,1961-06-03,F
Sherry Bond,1952-10-19,M
Elizabeth Garcia,1957-09-07,M
Jeremy Garcia,2003-08-21,F
Daniel Davis,1992-07-11,M
Paul Palmer,1958-02-16,M
Daniel Shelton,1983-10-08,M
Tracey Fuller,1984-08-24,F
Jennifer Martinez,1980-10-19,F
Curtis Smith,1984-06-25,M
Monique Davidson,1990-04-22,F
Stephanie White,1965-04-09,F
Paul Parsons MD,1997-03-09,M
Mrs. Deborah Mcpherson,1978-09-30,M
Bradley Lopez,1960-08-14,M
Angela Morgan,1958-04-14,F
Eric Burton,2003-06-16,F
Jennifer Murray,1951-11-28,F
Jessica Matthews,1991-05-19,M
Rickey Schmidt,1964-12-03,F
Edwin Williams,1987-01-07,F
Christopher Smith,1985-02-17,F
Kathleen Thompson,1966-06-19,M
Paul Roberts,1960-08-15,F
Kurt Hudson,1974-08-27,F
Timothy Silva,1984-05-14,F
Sabrina Andrade,1933-07-05,F
Thomas Lewis,2005-11-26,M
Edward Davis,1987-06-03,M
John Bond,1975-02-17,F
Sarah Simmons,1969-06-13,F
Larry Smith,1951-10-09,F
Lisa Brooks,1959-05-27,F
Daniel Zavala,1944-09-13,F
Jennifer Shaw,1999-04-29,M
Paul Bridges,1944-11-25,F
Victoria Cook,1971-10-02,F
Christopher Hood,1987-12-31,F
John Scott,1946-06-01,M
Timothy Norris,1965-08-12,M
Hannah Fuentes,1938-11-18,M
Collin Coleman,1992-04-10,F
John Morales,1976-01-21,F
Meagan Kirby,1957-09-03,F
David Dunn,1953-01-05,M
John Rodriguez,1959-09-26,F
Shannon Alvarez,1980-01-09,F
Denise Watson,1952-02-19,M
Brittany Meza,1981-12-30,F
Jeffrey Nelson,1934-02-25,M
Jennifer Garrett,1941-06-10,M
Joshua Hansen,1986-12-19,F
Leslie Patrick,1978-09-19,M
Kristin Weaver,1959-11-07,F
Jorge Boyd,1968-01-06,F
Michael Francis,1998-10-06,M
Peter Sanchez,1959-12-16,M
Nicholas Lee,1995-01-24,F
Andrew Jones,2005-08-19,F
Phillip Pierce,1981-07-03,F
Paula Ball,1956-12-08,F
Jeffery Young,1957-04-28,F
Kevin Richardson,1946-01-21,F
Justin White,2001-09-29,M
Christina Ramirez,1989-04-07,F
Arthur Diaz,1983-02-03,M
Meghan Ryan,1979-08-03,F
Mrs. Tara Villegas,1958-02-28,F
Erica Duran,1984-07-07,M
Barry Smith,1979-11-01,M
John Carter,1995-10-19,M
Laura Miller,1938-02-10,F
Jacob Larsen,1955-09-16,F
Jennifer Walker,1980-10-12,M
Caitlyn Key,1995-05-11,F
Lisa Young,1989-10-15,M
Cynthia Pacheco,1992-12-12,M
Adam Sanchez,1957-07-25,F
Nicole Burton,1966-10-26,M
Melissa Sanchez,1980-05-20,M
Mr. Charles Stewart DDS,1995-11-05,F
Andrew Gross,1944-08-12,F
Darlene Fisher,1951-07-18,F
Melody Robles,2000-06-04,M
Peggy Ritter,1951-05-12,M
April Thompson MD,1994-01-20,F
Tommy May,2002-01-04,F
Michael Miller,1957-09-16,F
Krystal Perez,1938-09-09,M
Carolyn Brown,1946-03-24,M
Michael Davis,1942-02-06,F
Amanda Nelson,2001-11-24,M
Patricia Garcia,1970-01-12,M
Corey Johnson,1938-09-19,F
Luis Garcia,2002-06-04,F
Jennifer Owens,1967-01-09,F
Mark Brandt,1977-02-16,F
Brianna Edwards,2003-07-31,M
Destiny Beck,1982-07-12,F
Brittany Rosario,1940-06-24,M
Sean Rodriguez,1950-12-28,M
Kevin Rodriguez,1978-10-30,M
Madison Kim,1993-05-29,F
Steven Wood,1977-06-07,M
Donna Taylor,1952-02-01,M
Kelly Woods,1941-04-30,M
Danielle Houston,1968-05-05,F
Jonathan Hernandez,1988-09-04,M
Jill Berry,1999-03-27,M
Gary Thornton,1961-03-10,M
Melissa Ramirez,1982-08-02,M
Roger Wilson,1988-04-30,M
Jennifer Lewis,1992-03-25,M
James Hill,1967-04-19,M
Lindsay Bell,1986-10-08,M
Jessica Sanchez,1935-03-21,F
John Lewis,1975-10-31,F
Jesse Phillips,1973-01-14,M
Hayley Hunter,2002-04-12,F
Ryan Cruz,1983-08-05,F
Alexander Mitchell,1934-07-30,M
Sheila Henderson,1952-12-01,F
Amber Torres,1947-03-31,F
Amanda Adams,1968-09-08,F
Janet Lewis,1991-10-18,M
Wyatt Griffin,1937-10-27,M
Gregory Smith,1978-04-15,M
Monique Ward,1949-06-28,F
Erin Schmidt,1986-06-30,M
Heather Allen,1952-08-24,M
William Martin,1994-12-26,M
Aaron West,1981-08-27,M
Joann Holden,1942-07-25,F
Samantha Johnson,2005-09-14,F
Donald Marshall,1967-06-24,F
Dylan Becker,1965-11-27,F
Patrick Chan,1940-03-28,M
Craig Fleming,1989-06-16,M
Lynn Braun,1971-03-29,M
Kevin Fernandez,1939-06-22,M
Crystal Pugh,1985-06-15,F
Melanie Fisher,1935-06-20,M
Tiffany Bowman,1942-11-15,M
James Landry,1987-07-12,M
Jennifer Dorsey,1960-01-19,M
John Mccarthy,1981-12-05,F
Hayden Wilson,1978-04-18,F
Sarah Dalton,2003-09-09,F
Jennifer Collins,1995-01-05,F
Louis Johnston,1990-02-08,M
David Little,1945-01-19,M
Michael Anderson,1947-10-08,F
Katherine Gomez,1964-04-10,M
Michelle Reed,1988-03-23,F
Jesse James,1965-12-11,M
Jacob Parks,1933-12-13,F
Jessica Lane,1943-12-16,F
Cory Miller,1964-11-13,M
Anthony Tucker,1963-10-04,M
Ellen Green,1934-07-02,M
Sydney Kline,1986-09-11,F
Veronica Ware,1937-04-20,F
John Hancock,1966-08-12,M
Ronald Rivera,1985-04-19,F
Thomas Church,1944-10-15,M
Crystal Daniel,1985-11-02,M
Jennifer Wilson,1989-03-10,M
Diana Bates,1949-04-27,F
Morgan Cross,2000-01-24,M
Krista Wu,1958-08-03,F
Kevin Lee,1999-03-08,F
Alexis Vargas,2002-11-29,M
Christopher Lowery,1985-06-05,F
Aaron Gentry,2001-08-09,M
William Willis,1955-10-21,F
Mary Clark,1957-10-08,M
Angela Werner,1972-01-14,F
William Long,1998-11-14,M
Amy Chase,1942-11-02,F
Tyler Lucas,1955-11-29,M
Taylor Clark,1985-04-23,M
Patricia Levine,1982-05-31,M
Tanya Swanson,1949-11-16,F
Alison Duran,1987-11-18,F
Tina Dorsey,1989-08-15,M
Rebecca Smith,1995-06-04,F
Logan Johnson,1978-08-16,M
John Leach,1995-01-06,M
Sandra Johnson,1999-03-10,F
Tonya Patterson,1990-10-17,F
Christine Miller,1937-10-09,F
Ryan Rodriguez,1978-05-24,M
Michael Hodges,1981-10-17,F
Jessica Mclaughlin,1977-04-18,F
Louis Stewart,1992-09-15,M
Alicia Black,1988-01-11,M
Vanessa Collins,1957-06-08,M
Ronald Lewis,1952-07-01,F
Michele Thompson,1946-01-14,M
Carl Hopkins,2005-03-06,M
Paul Alexander,1999-04-18,F
Olivia Allen,1937-07-09,M
Shannon Gallegos,1937-10-15,M
Katherine Hernandez,1966-10-27,M
Jennifer Campbell,1987-03-01,F
Lisa Hall,1938-03-15,F
Kevin Smith,1961-04-23,F
Ryan Berry DDS,1961-03-27,F
Amy Fleming,1989-12-02,F
Stacie Garrison,1940-03-22,M
Michael Suarez,1944-03-26,M
James Webb,1977-08-06,M
Gabrielle Grant,2002-09-26,F
Jordan Hodges,1977-10-26,F
James Brown,1961-08-11,F
Gregory Jones,1968-09-19,M
Michele Wilson,1968-01-20,F
Patrick Barker,1989-07-21,M
Daniel Ball,1934-01-11,F
Phyllis Orr,1967-08-27,M
Jonathan Patrick,1943-01-28,M
Frank Ellis,1985-09-22,M
Mr. Matthew Warren MD,2002-08-28,F
Stacy Frank,1985-10-24,F
Linda Armstrong,1936-12-14,M
Danielle Miller,1984-04-05,F
Erin Le,1990-02-11,M
Linda Reynolds,1939-04-07,M
Michael Harper,1959-12-24,M
Teresa Hensley,1978-03-18,M
Mike Kim,1946-04-06,M
Christine Jordan,1977-02-08,M
Nicole Jackson,1953-05-19,M
Patricia Jackson,1949-09-27,M
Christina Ferguson,2002-05-11,F
Adam Ball,1980-09-10,M
Susan Cole,1951-05-03,M
Joann Torres,1989-02-07,F
Mark Daniel MD,1986-09-14,F
Randy Ray,1981-09-10,M
Steven Wright Jr.,2002-09-29,M
Stephen Olson,1986-08-08,F
Jacob Wright,1933-10-25,M
Courtney Sellers,1952-04-20,F
Adam Brown,1960-06-18,M
Andrew Burton,1982-08-22,F
Kimberly Diaz,1983-03-12,F
Mark Turner,1979-08-11,F
Brian Morris,1957-10-14,F
Amanda Hill,1997-07-09,M
Kristie Green,1977-08-19,F
Darlene Clark,1983-12-03,M
Leslie Kelley,1946-12-18,F
Brenda Hudson,1959-06-04,M
Alan Knapp,1964-06-27,F
Katie Stone,1997-08-24,F
Sharon Burton,1991-09-08,F
Mary Hull,1959-03-20,M
Sharon Griffith MD,1941-12-09,F
Jessica Bryant,1965-12-15,M
Jason Warren,1979-10-08,M
Barbara Peterson,1940-01-11,F
Sarah Dominguez,1957-09-23,M
Sabrina Moore,1993-06-21,F
Katherine Simmons,1995-03-26,M
Phillip Odom,1994-11-07,M
Michele Kim,1956-08-13,F
Nathaniel Medina,1994-06-19,M
Noah Mendez,1978-11-13,M
Eric Francis,1950-11-29,F
Julia Allen,1959-06-26,M
Ms. Amy Williams,1950-10-06,F
Donna Morgan,1958-11-28,M
Ashley Reyes,1980-11-27,M
Renee Rojas,1934-07-27,M
Sandra Gonzalez,1985-08-01,F
Derek Hartman,1991-11-10,F
Timothy Hartman,1944-11-05,M
Joe Bradshaw,1999-04-19,F
Brian Mejia,1990-11-07,F
Benjamin Wilson,1972-10-25,M
Matthew Rivera,1940-04-03,M
Eugene Williams,1944-05-20,M
Michael Boyle,1971-11-29,F
Andrew Dillon,1956-01-20,M
Bradley Lopez,1993-11-08,F
Jonathon Jones MD,1994-12-18,F
Vernon Daniel,1943-02-05,F
Kelly Mcdowell,1983-12-16,F
Bryan Parker,1986-12-28,F
Christopher Hunter,1953-03-09,M
Kristi Clark,2005-03-19,F
Desiree Pittman DDS,1951-03-19,F
Stephanie Martinez,2004-10-14,F
Jasmine White,1988-04-19,M
Russell Martinez,1985-07-18,F
Gerald Smith,1962-12-06,M
Sharon Reed DDS,1991-09-25,F
Ricky Freeman,1959-07-08,M
Randy Wilkinson,1937-09-22,M
Monica Mason,1960-07-30,F
Kenneth Harrison,1940-02-25,M
Troy Ramos,1935-09-25,F
Tina Price,1984-09-25,M
Douglas Avery,1977-10-05,M
Crystal Harrell,1979-06-07,F
Rebekah Davis,1950-07-05,F
Shane Boone,2000-03-20,M
Kaitlyn Avila,1936-03-24,M
Dana Norris,2000-08-24,M
Jackie Dean,1973-07-29,M
David Sherman,1997-09-18,F
Michael Chavez,1948-12-07,F
Taylor Orozco,1978-05-04,F
Caleb Peterson,1985-06-09,M
Wendy Patton,1991-10-21,F
Sandra Fernandez,1992-12-13,M
Julie Smith,1985-06-20,M
Stacey Harvey,1972-03-25,F
Renee Adams,1999-02-02,M
Haley Peterson DDS,1980-05-26,F
Carolyn Huffman,1957-02-15,F
Nicholas Hamilton,1947-01-18,M
Derrick Ramirez,1997-10-11,F
Andrew Mcdaniel,1986-12-17,M
Nancy Brooks,2001-06-26,M
Jeffery Washington,2005-04-09,M
Raymond Hart,2000-09-16,F
Diane Nelson,1981-07-30,F
Russell Perkins,1982-12-29,F
Tracy Sanders,2001-04-20,F
Jennifer Boone,1981-12-02,M
Antonio Martin,1936-04-20,M
Gwendolyn Brooks,1938-09-17,F
Micheal Parker,1965-12-20,F
Joshua Young,1988-11-24,F
Kelly Dennis,1991-11-15,F
Michael Kane,1974-12-01,F
Kevin Palmer,1958-03-26,M
Kristopher Johnson,1955-05-13,F
Joseph Rodriguez,1956-02-07,F
Peter King,1995-05-03,F
Daniel Nunez,1989-05-08,M
George Grant,1996-10-07,F
Patricia Powell,1983-02-28,M
Jennifer Sandoval,1998-12-20,M
Tammy Patterson,1983-03-07,M
Katelyn Cook,1958-10-06,M
Helen Weaver,1957-01-04,M
Sarah Chen,1935-03-18,M
Dr. Jennifer Robertson,1994-11-18,F
Kara King,1968-02-27,M
Justin Moore,1984-08-22,F
Edward Hahn,1936-07-19,M
Danielle Caldwell,1966-04-08,F
Ashley Rogers,1999-09-15,M
Bradley Myers,1952-01-11,M
Amanda Curtis,1997-03-14,M
Shane Leonard,1956-07-21,F
Darlene Fuller,1987-11-15,F
Taylor Macias,1972-04-10,F
Bryan Barrera,1955-06-01,F
Julian Robinson,1947-11-14,F
Christopher Wang,2000-07-31,F
Ruth Fox,1976-11-22,F
Jared Burton,1986-03-04,F
Daniel Young,1974-02-10,F
Sarah Palmer,1977-02-19,F
Gary Wilson,2001-12-23,M
Sandra Shelton,1986-04-16,F
Pamela Lopez,1948-10-27,M
Cynthia Humphrey,1977-01-29,F
Michael Fisher,1971-07-07,F
Corey Owen,1980-02-13,M
Aaron Carlson,1936-02-10,M
Tyler Stevens,1965-01-11,F
Jeremy Fowler,1968-01-27,M
Angela Garcia,1954-02-10,M
James Campbell,1968-12-28,M
Lisa Moses,1940-02-11,M
Veronica Wheeler,1959-04-22,F
Todd Berger,1933-11-18,F
Heather White,1976-10-17,F
Stephanie Taylor,1965-09-11,F
Brooke Haynes,1940-08-09,M
Sergio Wheeler,1944-01-17,M
Timothy Winters,1990-11-16,F
Matthew Peterson,1933-04-06,F
Crystal Robinson,1973-12-27,F
Jennifer Fuller,1999-09-22,M
Andre Rodriguez,1948-11-03,F
Stephen Mason,1979-08-04,F
Adam Marquez,1998-05-04,F
Charles Crawford,1965-11-13,M
Christopher Robertson MD,1983-10-10,F
Tracy Lucero,1982-04-03,F
Jessica Willis,1989-02-21,M
Daniel Watts,1945-05-16,M
Thomas Hayes,1937-08-12,M
Bryan Velasquez,1974-04-12,F
Jerome Conley,1961-10-02,M
Karen Mcmahon,1985-07-07,M
Jessica Miller,1961-11-24,M
Alicia Hayes,2005-02-26,M
Gary Wall,1957-05-17,M
Tammy Richards,1993-04-20,F
Blake Martin,2003-10-09,F
Harry Salazar,1967-08-21,M
Harold Webb,1955-12-26,F
Christopher Brooks,1998-06-12,F
Caleb Valencia,1943-11-20,F
Chad Alvarado,1935-01-22,F
Sonya Johnson,1973-05-13,F
Briana Patterson,1984-05-25,M
Matthew Fry,2005-04-09,M
Justin Jones,1941-01-14,F
Tamara Strickland,1985-12-24,M
Stephen Holt,1954-10-21,F
Mark Brown,1935-08-19,M
Michael Foster,1968-06-27,M
Kyle Kaufman,2005-04-17,F
Jerry Mccall,1943-08-19,M
Steven Santos,1991-07-14,F
Joseph Williams,1993-03-25,M
Laurie Hernandez,1989-01-13,F
John Kim,2006-02-05,M
Anne Stevens PhD,1981-01-22,F
Janice Ross,1936-08-30,F
Jessica Gibson,1974-02-08,F
Robyn Turner,1948-05-31,M
Cynthia Gordon,1944-07-30,M
Robert Finley,1978-12-23,M
Darren Stokes,1933-09-14,F
Jeffrey Parsons,1976-02-27,F
Sarah Pruitt,2004-06-19,F
Nathan Simmons,1993-07-27,F
Rachel Kirk,1989-07-04,M
Jeanette York,1959-11-29,F
Rachel Horn,2000-05-23,F
Rodney Howe,1989-08-03,F
Larry Russell,2001-08-14,M
James Gillespie,1935-06-27,F
Tyler Foster,1935-06-25,F
Paul Stafford,1951-06-12,F
Joann Allen,1947-03-15,M
Justin Nguyen,1961-08-22,M
Sherri Rodriguez,1937-12-15,F
Eric Gibbs,1953-11-26,M
Elizabeth Robertson,1978-04-09,F
Tyler Molina,1988-06-14,F
Randy Valdez,1999-10-03,F
Monica Watkins,1968-03-20,F
Randall Collier,1946-03-15,M
Troy Griffin,1975-03-25,F
William Morgan,1978-05-21,F
Rhonda Williams,1974-06-22,F
Erica Thomas,2001-12-10,M
Alex Cannon,1953-02-28,M
Amber Fletcher,1957-03-20,F
Karen Mullins,1942-01-06,M
Dominique Bentley,1971-01-03,M
Dale Thomas,1995-05-08,M
Christina Kerr,1958-03-25,F
Carolyn Villarreal,1982-05-15,M
Amy Brooks,1970-02-06,F
Kathleen Smith,1986-12-08,M
David Phillips,1938-08-30,F
Laura Mays,1964-06-14,F
Jonathan Palmer,1965-12-07,F
Yolanda Hudson,1974-04-15,F
Kenneth Stark,1969-03-03,F
Samantha Mullins,1975-03-14,M
Deanna Rogers,2000-04-20,M
Kristina Thomas,1979-07-24,M
Valerie Freeman,1948-03-12,F
Charles Morrow,1970-08-24,M
David Brown,1947-01-26,M
Bradley Smith,1979-01-04,F
John Griffith,1956-04-07,F
Nicholas Nelson,1978-11-01,M
Ashley Watkins,1968-06-30,M
Angela Garcia,1972-02-20,F
James Castaneda,1968-02-06,F
Brittany Serrano,1979-01-26,F
Amy Jones,2002-05-17,F
Jeffrey Stokes,1948-06-02,F
Christina Hurst,2005-10-07,M
Megan Rodriguez,1938-10-03,M
Robert Vega,1975-04-08,F
James West,1996-12-18,F
Jessica Thomas,1960-08-15,M
Donna Butler,1942-09-25,M
Michael Torres,1987-12-31,F
Linda Mills,1946-08-15,F
Larry Coleman,1936-08-17,M
Omar Pittman,1985-09-21,F
Jason Young,1985-03-19,F
William Le,1952-11-09,M
Rhonda Bell,1952-09-08,M
Ronald Young,2002-01-07,M
Kimberly Walker,1999-01-15,M
Anthony Roman,1948-12-11,M
Lauren Williams,1972-10-02,F
Ricky Price,1996-03-14,M
George Richardson,1976-04-07,F
Michael Harris,1948-07-29,F
David Lopez,1974-01-30,M
Theresa Chan,1963-09-22,M
William Ellis,1953-06-15,F
Karen Thornton,1983-10-16,F
James Johnson,1939-12-03,F
Lisa Moreno,1944-07-15,M
Mr. Joshua Carson MD,1940-11-19,F
Michael Holland,1934-01-08,M
Thomas Ray,1948-04-03,F
Barbara Byrd,1970-06-27,M
Stephen Mcguire,2002-04-26,M
Kyle Santiago,1983-08-23,M
Christopher Steele,1998-03-07,F
Teresa Drake,1972-04-10,M
Jennifer Fletcher,1941-03-25,F
Brittney Watson,1951-05-07,F
Kara Stevenson,1940-06-03,M
Gregory Anthony,1965-04-10,M
Rachel Li,1951-12-05,M
Janet Foster,1951-09-14,M
Dean Hernandez,1996-12-16,F
Kimberly Villanueva,1978-01-13,F
Amber Parker,1954-02-26,M
James Burke,2004-04-05,M
Kevin Cardenas,1933-12-05,M
Brianna Wilson,1948-03-29,F
Patricia Frank,1983-07-28,M
Taylor Burns,1953-08-20,M
Daniel Stevenson,1962-07-26,F
Nicholas Davis,1938-10-10,M
Fred Roman,1974-09-29,F
Nicole Maldonado,1948-09-17,M
Brent Lewis,1952-05-31,F
Robert Bell,1993-06-28,M
Sierra Baker,1956-06-25,M
Bryce Dillon,1956-03-17,M
Sarah Campos,1978-10-21,F
Deanna Park,1945-05-21,M
Courtney Bishop,1938-01-08,F
Alexandra Lawrence,1946-08-28,F
Dawn Morales,1988-04-29,F
Desiree Simmons,1967-12-25,F
Isaiah Patel,1938-06-10,M
Stephanie Peterson,1963-10-15,M
Elizabeth Stephenson,1941-04-12,F
Joseph Stanley,1958-04-10,M
Alexander Levy,1976-08-09,F
Andrew Reeves,1997-09-26,M
Philip King,1953-11-08,M
Miguel Davidson,1981-10-18,M
Jessica Cabrera,1939-07-23,F
Rodney Anthony,1990-05-09,F
Susan Donovan,1967-08-30,F
Nicholas Moore,1959-12-18,M
Katrina Medina,1981-08-06,M
Samantha Moore,2005-02-05,F
Michael Rice,1987-06-30,M
Kenneth James,1970-07-28,M
Jesse Vance,1970-06-21,M
Gregory Martin,1958-03-10,F
Christopher Garcia,1993-08-04,M
Mark Hester,1999-01-17,M
Katherine Moran,1996-03-18,M
Richard Stephenson,1965-06-28,M
Crystal Booth,1964-11-03,F
Samuel Stewart,1982-08-24,F
Monica Hernandez,1974-03-19,M
Angela Mckinney,1959-10-07,F
Candice Barker,1985-08-25,M
Jessica Fleming,1954-07-10,F
Anita Cervantes,1972-04-25,F
William Curry,1959-11-24,F
Juan Abbott,1998-11-25,F
Jose Vaughn,1954-01-19,M
Kimberly Sandoval,1997-01-02,M
Christopher Hawkins,1935-06-25,F
Katherine Fox,1950-12-16,M
Kelly Williams,1966-12-10,F
Lisa Ramirez,1938-05-17,M
Monica Kennedy,2005-01-22,M
Leslie Robinson,1997-02-13,M
Paul Maxwell,1959-03-10,F
Matthew Neal,1986-01-02,M
Paul White,1958-03-21,F
Amber Cooper,1948-01-31,M
Erica Preston,1962-09-13,F
Miss Jennifer Rice,1942-06-27,F
Christine Weiss,2001-11-22,M
Kurt Davis,1975-12-16,F
Timothy Acosta,1951-05-22,F
Tammy Sanders,1963-01-07,M
Nathan Wells,1973-07-19,F
Debra Walker,1979-08-09,M
Connie Hawkins,1992-06-01,M
Julie Porter,1976-06-05,M
John Sexton,1942-08-29,F
Tina Jimenez,2002-05-08,F
Megan Matthews,1941-05-06,F
Julian Perry,1940-02-11,F
John Khan,1979-05-29,F
Brittany Turner,1935-04-07,F
Allison Roberts,1939-10-01,M
Deanna Vega,1993-03-07,M
Derek Edwards,1995-07-10,M
Marc Holt,1986-07-07,M
Jennifer Hodges,1956-04-23,F
Melissa Curry,1946-08-12,M
Anthony Leonard,1975-12-07,F
Stephanie Smith,1996-03-06,F
Laura Wilkins,1950-02-26,M
Jordan Farmer,1965-07-16,M
Michelle Porter,2003-02-13,F
Gloria Gonzalez,1967-02-03,M
Michael Rivas,1940-06-17,M
Stephanie Taylor,1980-10-15,F
Phyllis Floyd,1949-12-14,M
Robert Cain,1993-09-09,M
Chelsea Brown,1994-01-12,M
Danny Porter,1939-04-05,M
Cynthia Hood,1955-06-27,M
Jeffrey Brooks,1977-12-22,F
Charles Hall,1972-04-10,M
Christina Valenzuela,1964-08-02,F
Marissa Roberts,1978-12-06,M
Jeremy Hancock,1968-08-25,M
Brian Hernandez,1954-04-09,F
Karen Hill,1962-02-15,M
Katherine Bowman,1952-11-30,F
John Lester,1994-11-02,M
Kara Perkins MD,1979-12-18,F
Joseph Caldwell,1998-01-03,F
Ian Smith,1967-04-29,M
Alexander Rodriguez,1937-09-05,F
Jose Conner,1960-12-06,F
Rachel Richardson,1983-04-21,F
Mr. Robert Eaton,1956-05-16,M
Manuel Peters,1978-03-17,M
Brian Riley,1971-02-06,M
Crystal Valenzuela,1972-11-19,F
Nancy Bush,1945-04-19,F
Charles Pitts DDS,2005-01-25,M
Dakota Higgins,1956-09-15,M
Denise Jones,1996-02-28,M
Collin Glass,1961-10-02,F
Christopher Mays,1980-08-22,M
Dylan Howard,1991-07-22,F
Nicholas Walker,1960-04-28,M
Joseph Jefferson,1966-05-20,M
Charles Lang,1962-09-01,F
William Santos,1989-07-10,M
Dean Hays,1989-12-27,M
Cassie Ramos,1977-10-22,M
Dawn Knight,1986-09-03,F
Chad Richardson,1960-02-01,M
Tyler Mcguire,1950-05-02,F
Ashley Hopkins,1962-04-08,M
Kurt Carter,1961-03-08,F
Sherry Ibarra,1968-05-02,M
Christopher Sanchez,2001-05-06,M
David Day,1940-05-07,F
Courtney Myers,1983-01-23,M
Billy Diaz,1981-09-29,M
Robert Carr,1986-02-26,M
Duane Alvarado,1987-02-26,F
Angel Tucker,1994-01-17,F
Leslie Kim,1942-09-16,F
Danielle Moore,1995-09-17,F
Derrick Walker,1966-11-25,M
Andrew Orozco,1962-11-12,F
Lisa Howell,1965-03-18,M
Karen Walters,1942-03-24,M
Juan Rios,1972-04-15,M
Amanda Johnson,1982-07-11,M
Jesse Hernandez,1954-08-21,M
Matthew Rocha,1947-10-23,F
Richard Ward,2000-03-02,M
Rose Smith,1972-03-19,F
Valerie Good,1980-07-15,F
Bruce James,1998-09-02,M
Megan Medina,1945-11-26,F
Emily Goodman,1997-02-19,M
Timothy Snyder,1936-04-19,M
Jeffrey Mullen,1962-10-19,M
Nicole Patterson,1953-07-07,F
Austin Fuentes,1983-02-27,M
Luis Robinson,1995-02-18,M
Rachel Smith,1999-05-31,F
Melissa Nichols,1971-11-17,M
Loretta Webb,1982-02-06,F
Marco Wright,1997-03-03,F
Melissa Mills,1973-07-05,M
David Webster,1950-12-28,F
Adam King,1938-06-30,M
Joseph Schwartz,1994-07-21,M
Jason Martinez,1962-11-17,M
Jacob Bell,1990-04-04,M
William Reed,1956-04-29,M
David Mason,1969-09-16,F
Vicki Rivera,1951-01-10,F
Mrs. Latasha Bridges,1952-08-18,M
Tracy Hughes,1937-02-16,F
Travis Adams,1994-02-19,F
David Ross,1999-12-19,M
Mackenzie Tate,1935-07-20,M
Lori Parker,1969-01-14,F
Donna Campos,1998-09-04,F
William Sullivan,1985-12-02,M
Marcus Jarvis,1976-04-06,F
Jennifer Oliver,1957-11-28,F
Jacqueline Alexander,1957-01-04,F
Shane Robinson,1973-10-04,M
Samantha Espinoza,2000-02-13,M
James Padilla,1988-02-15,M
Amanda Austin,1997-09-21,M
Amber Brown,1937-10-08,M
Charles Roy,1973-04-23,F
Johnathan Myers,1952-12-31,F
Nicole Mcdonald,1969-03-15,M
Gloria Brandt,1956-05-04,F
Anthony Johns,2002-10-11,F
Steven Mcintyre,1965-01-10,M
Kayla Jones,1969-02-28,M
Holly Randall,1939-04-18,F
Edward Adkins,2003-03-19,M
Nicole Owens,2004-07-07,F
Shawn Holland,1968-03-08,F
Ronald Mckinney,1977-03-23,F
Jennifer Brown MD,1998-06-17,F
Heather Lee,1994-03-08,F
Benjamin Benson,1954-01-23,M
Jeremy Allen,1975-06-21,M
Kenneth Jensen,1942-01-16,M
Daniel Williams,1991-05-01,M
Jeremy Ward,2000-08-29,M
Jamie Gibbs,2000-09-30,M
Samuel Bass,1945-05-27,M
Whitney Livingston,1995-07-19,M
Tina Rivera,1964-01-27,F
Anthony Graham,1985-03-24,F
Rebecca Huang,1968-05-03,M
Erin Wood,2000-04-29,F
Danielle Hutchinson,1998-06-23,F
Brandy Knight,1969-07-10,F
Rachel Morales,1999-05-13,F
Dr. William Wells,1988-10-08,F
Sarah Bonilla,1974-10-04,M
Carol Chapman,1987-08-12,F
Dana Arnold,1940-11-23,M
Richard Phillips,1967-01-25,M
Robert Suarez,2000-10-18,F
Caleb Murphy,1970-09-10,F
Joshua Blair,1998-06-21,M
Gail Hunter,1977-02-09,F
Christopher Thompson,1947-04-25,F
Melissa Meyers,1985-05-05,F
Jenna Clark,1989-09-30,F
Glenn Campbell,1950-03-14,M
Tiffany Martin,1974-07-13,F
Ann Beasley,1948-01-14,M
Edward Lowe,1948-08-08,F
Levi Cooper,1938-03-09,F
Thomas Hart,1992-07-07,F
Michelle Dennis,1957-12-25,F
Jill Wagner,1968-10-14,M
Alison Thompson,1975-03-28,M
John West,1965-12-11,F
Regina Spencer,1972-11-24,M
Gregory Carroll,1985-12-10,M
April Cross,1969-12-19,F
Daniel Mckee,1992-12-22,M
Gregory Ward,1949-05-18,F
Alexander Johnson,1955-10-02,F
Earl Wilcox,1966-09-11,F
Michael Scott,1943-10-04,F
Jonathan Peterson,1945-06-04,M
Justin Gonzales,1996-06-16,M
William Lopez,2001-08-16,M
Christopher Burke,1968-08-23,M
Lisa Arnold,1987-01-13,F
Jason Hughes,1985-12-21,F
Andrew Sandoval,1938-03-31,M
Martha Copeland,2005-07-21,M
Nicholas Reeves,1933-07-09,M
Jennifer Dalton,1998-11-26,F
John Smith,1985-10-01,M
Mr. Brian Smith,1957-08-16,F
Michael Brown,1979-06-10,M
David Smith,1956-07-01,F
William Romero,1934-12-10,F
Garrett Diaz,1965-12-27,F
Troy Miller,1947-03-04,F
Amanda Simmons,1961-10-10,M
Steven Hill,1994-08-16,M
Tony Molina,1970-12-29,F
Allison Martin,1971-07-15,F
Courtney Crawford,1995-11-23,F
Tammy Figueroa,1953-12-24,M
Jason Fry,1991-01-27,F
Susan Parker,1951-10-26,F
Kevin Baker,1975-12-16,M
Benjamin Mccann,1962-12-10,M
Douglas Nichols,2001-09-30,F
Isabella Walters,1970-01-17,M
Samantha Kelly,1979-11-29,M
Sierra Brooks,1959-01-28,M
Christopher Scott,1942-11-03,F
Gabriela Miller,1959-05-14,M
James Fowler,1976-05-10,M
Adrian Vargas,1934-04-04,M
Roger Rodgers,1956-03-26,F
David Hoffman,1940-04-09,F
Kimberly Stevens,1955-05-26,M
Jeremy Oliver DDS,1987-12-29,M
Rachel Chen,1933-05-01,M
Nicholas Cook,1981-09-27,F
Eugene Williams,1939-08-07,M
Michael Fletcher,1995-05-29,F
Samantha Vance,1956-03-15,M
Charles Jones,1936-11-18,M
Frederick Hunter,1977-06-09,M
Linda Meadows,1986-10-08,F
Phillip Wood,1962-03-20,M
Deanna Jennings,1942-02-21,F
Zachary Smith,1945-04-22,M
Makayla Day,1968-01-12,M
Jenny Newman,1972-05-13,M
Toni Sullivan,1938-06-27,M
Jennifer Berger,1936-04-06,M
Wendy Johnson,1946-06-19,M
Amanda Warner,1965-02-20,M
Kyle Riddle,1976-03-12,M
Amy Reyes,1937-04-08,M
Travis Reyes,1977-01-15,M
Patrick Wilson,1989-04-22,M
Mrs. Kathleen Duncan DDS,1964-02-05,M
Teresa Sanchez,1948-01-29,F
Diana Hernandez,1951-11-20,M
Johnathan Kelley,1959-08-27,F
Mark Harrison,1947-07-19,M
Jeffrey Hernandez,1963-08-15,F
Jo Powell,1987-05-12,M
Wyatt Carey,1950-08-14,F
Walter Oliver,1994-02-12,M
Ashley Silva,1943-03-21,F
Colleen Spencer,1937-03-14,M
Joy Ferguson,1991-11-28,M
Andrew Martinez,1986-12-02,F
Brittney Richards,1972-02-22,F
Anne Morgan,1987-12-20,F
Kristen Strong,1953-12-19,F
Jonathan Ortiz,1952-04-10,M
Patrick Marsh,1998-11-03,F
Crystal Morgan,2001-07-10,M
Michael Holden,1990-02-04,F
Gary May,1972-04-11,M
Stephanie Schultz,1959-07-15,M
Phillip Martin,1956-08-03,M
David Rowe,1936-08-12,M
Adam Brown,1970-08-01,M
Kelsey Stevens,1964-12-29,F
Kimberly Wilson,1984-03-11,M
Shane Barnett,1938-07-26,F
Brandi Sanchez,1934-08-23,M
Monica White,1982-03-15,M
Paul Perez,1959-08-20,F
Matthew Williams,1937-02-13,M
David Long,1998-12-16,F
Mr. Carlos Cisneros,1975-12-07,F
Travis Romero,1961-05-19,M
Kristy Jackson,1987-06-07,F
Lisa Colon,1945-08-28,F
Daniel Schroeder,1964-09-27,M
Ryan Daugherty,2005-08-02,M
Jeffrey Wise,1933-11-04,F
Tammy Koch,1984-07-26,F
Alexander Duarte,1990-09-10,F
Linda Leblanc,1983-03-09,M
Robert Santana,1979-05-22,M
Stephanie Johnson,1992-03-14,F
Casey Greer,1981-03-01,M
Ann Gonzalez,1952-08-19,F
Theresa Smith,1999-06-18,F
Jacob Little,2001-10-23,F
Shannon Banks,1989-10-26,M
Scott Blanchard,1981-10-25,M
Mark Mendez,2001-12-02,M
Matthew Oliver,1986-06-05,M
Julia Dunn,1939-06-24,M
Christopher Watts,1946-06-27,M
Amber Butler,1994-03-21,F
John Palmer,1941-01-18,M
Steven Lewis,2004-07-22,M
Mrs. Ann Daniels,1944-11-06,M
Sherri Jackson,1947-01-23,M
Catherine Faulkner,2004-05-26,F
Ryan Johnson,1947-04-01,F
Brian Lyons,1941-04-01,F
Daniel Austin,1939-05-15,M
Steven Marquez,1945-06-29,F
Alison Thomas,1934-11-29,F
Marcus Hardin,1946-11-10,M
Michelle Wells,1974-01-18,M
Christina Hull,1982-10-03,F
Clifford Sutton,1985-11-10,M
Amanda Smith,1933-04-06,F
David Heath,1995-03-09,M
Kathryn Chang,1968-10-09,M
Dana Campbell,1999-08-26,M
Brittany Vaughn,2004-10-26,M
Gary Moore,1980-04-04,M
Andrew Parks,1937-03-17,M
Jacqueline Harris,1974-07-26,F
Lauren Barrett,1980-06-10,M
Dr. Anna Rogers DDS,1940-12-05,F
Sabrina Hughes,1975-08-16,F
Mckenzie Pacheco,1990-06-24,F
Rachel Howard,2003-03-08,F
Kelly Nelson,1937-04-28,M
Jessica Hoover,1993-07-16,M
Bradley Greer,1968-11-23,F
Devin Newton,1986-01-16,M
Tammy Holmes,1987-01-08,M
Theresa Davis,1985-11-03,F
Erin Ward,1935-06-04,M
Justin Vang,1956-02-06,F
Ricardo Hutchinson,1992-07-30,F
Sabrina Pittman,1967-12-10,M
Franklin Martinez,1943-11-29,F
Tonya Snow,1937-07-10,F
Laura Knapp,1981-03-28,M
Dennis Tucker,1951-03-08,M
Mr. Miguel Johnson,1936-04-14,M
Adam Mitchell,1953-03-29,F
Stephanie Wells,1962-07-18,M
Kelly Woodard,2003-03-20,F
Dr. Alexandria Moore,1939-12-15,F
Benjamin Stone,2005-06-03,F
Kurt Kelley,1992-10-03,F
Meagan Gallagher,1949-04-21,M
Jessica Pham,1946-04-05,F
Philip Gallegos,1987-07-24,F
Curtis Wilcox,1951-11-05,F
Jason Alvarez,1982-10-18,F
Jasmine Wright,1981-05-10,F
John Bond,1990-07-20,F
Peter Turner,2004-01-16,M
Aaron Taylor,1975-12-08,M
Samantha Jackson,1980-05-06,F
Melissa Carr,1967-05-23,F
Natalie Bowman,1992-05-30,M
Brian Lopez,1971-02-20,F
Patrick Perry,1987-03-06,M
Brenda Taylor,1965-01-18,M
Carl Gibson,1952-12-08,M
Heather Cohen,1973-02-02,F
Lori Cruz,1962-10-11,F
Daniel Morse,1939-06-11,M
Richard Humphrey,1984-02-09,M
Eric Clark,2004-08-01,F
Erik Perez,1972-09-08,M
Stephanie Underwood,1949-09-03,M
Jonathan Parker,1946-09-21,M
Lindsay Morris,1983-10-30,M
Sheila Cross,1971-11-22,F
Karen Jones,1971-01-19,M
Jose Andrews,1947-01-24,M
David Gonzales,1966-10-08,M
Cameron Jones,1949-06-29,F
Eric French,1958-12-05,F
Benjamin Wallace MD,1939-01-29,M
Ryan Chambers,1939-06-06,F
Kathy Peterson,1960-03-30,F
Carolyn Parks,1950-01-29,F
Adam Ellis,1964-09-02,M
Jasmine Coleman,1942-01-31,M
Marc Mcguire,1949-10-28,F
Edward Bailey,1960-04-27,M
Carlos Jenkins,1987-05-20,F
Alicia Rodgers,2002-02-13,F
Christopher Neal,1996-01-09,F
Lisa Stokes,1940-05-06,M
Wesley Brown,1941-06-21,F
Tricia Michael,1987-12-15,M
Kristina Walker,1984-07-04,F
Clayton Edwards,1967-04-18,F
Andrea Robinson,1959-07-02,F
Jessica Mclaughlin,1951-06-01,M
Amanda Clarke,1934-04-28,F
Ethan Kennedy,1958-07-19,F
Jennifer Barry,1971-03-23,M
Katie Smith,1936-06-20,F
Robert King,1969-04-04,M
Cynthia Gray,1993-01-07,F
Melissa Alvarez,1949-02-17,F
Kim Smith,1951-06-28,F
Tyler Henry,1937-09-23,M
Ryan Bullock,1993-09-17,F
Heather Mcclure,1953-04-30,F
Rebecca Perez,1977-12-09,M
Samuel Leonard,1944-01-28,M
Donald Phillips,1944-06-20,F
Roberto Barry,1967-12-04,M
Ruben Moreno,1950-11-23,M
David Young,1957-07-14,F
Cory Wiley,1968-01-09,M
Ashley Bennett,1972-07-11,F
Timothy Morris,1943-12-16,F
Kelly Allen,1977-10-26,M
Elizabeth Austin,1995-01-13,F
Judy Collins,1938-02-17,F
Michael Myers,2004-12-05,F
Robert Bowen,1980-01-22,M
Lisa Lozano,1949-04-08,M
Angela Taylor,1991-11-14,M
Alexander Martin,1944-04-18,M
Rhonda Ford,1951-11-05,M
Jennifer Lewis,1965-04-14,F
Sarah Williams,2005-02-02,F
Leah Goodwin,1949-10-03,M
Rebecca Perkins,1969-02-08,F
David Lang,1960-12-05,F
Jon Gutierrez,1994-01-12,M
Nicholas Heath,1937-06-04,F
Scott May,1998-08-22,M
Charles Morse,1970-11-26,F
Ashley Sullivan,2004-09-05,M
Sherry Finley,1936-03-20,F
Christina Woodward,1990-08-14,F
David Harrison,1948-08-20,M
Paul James,1983-02-16,M
James Lawrence,1979-08-24,M
Christopher Floyd,1949-11-14,M
Charles Carr,1944-06-14,F
Francis Miller,1933-09-15,M
Candice Summers,1981-01-13,F
Tara Harris,1939-03-21,F
Miss Rhonda Pacheco MD,1963-12-30,F
Elizabeth Heath,1991-09-21,M
Ashley Rogers,1980-11-21,M
Joel Duran,1948-04-27,M
Christopher Gregory,1972-10-11,M
Tara Smith,1948-12-27,F
Nicole Fisher,1948-06-14,F
Allison Turner,1995-12-10,M
Melissa Smith,1940-04-13,M
Diana Jackson,1954-01-23,M
Edward Morales,1937-06-22,F
Brian Curtis,1993-08-01,F
Melissa Griffith,1984-05-12,M
Sean Peterson,1976-07-18,M
Kevin Burton,1943-05-13,F
Michael Pope,1983-06-04,F
Michael Cook,1976-08-17,F
Randall Wall,1990-10-20,F
Cindy Alexander,1988-07-22,M
Cassandra Mitchell,1946-03-06,F
Stacie Hendrix,2000-05-14,M
Robert Johnson,1937-01-15,M
Manuel Nelson,1939-08-14,M
Chelsea Cherry,1952-05-17,F
Tanya Moody,1990-01-09,M
Jason Palmer,1982-04-02,F
Christopher Terrell,1948-04-04,F
William Nguyen,2001-03-09,F
Jenna Huffman,1983-05-05,F
Evelyn Mendoza,1960-06-14,F
Gabriel Werner,2000-10-02,M
Kayla Patton,1941-07-04,F
Kenneth Lambert,1934-07-24,M
Christine Munoz PhD,1963-11-07,F
James Escobar,1939-01-22,F
James Hunter,1983-11-15,F
Thomas Weaver,1968-12-19,F
Charles Wilson,1990-11-04,F
Carlos Smith,1939-08-25,M
Christopher Donaldson,2000-07-22,F
Brett Thompson,2001-05-27,M
Kelly Griffith,1989-10-24,F
Julie Ballard,1937-03-15,M
Edward Castro,1976-08-09,M
Jeffrey Smith,1937-04-05,M
Sharon Stevens,1948-07-09,F
Hunter Bryant,1952-01-16,M
Stephanie Reed,1938-05-13,F
Kendra Wilson,1980-06-24,F
Kelly Jenkins,1959-08-13,F
Lori Avila,1991-12-30,F
Tommy Rose,1949-05-27,M
James Hill,1948-01-02,M
Christopher Underwood,1970-07-02,M
Rebecca West,1990-03-05,M
Molly Tran,1942-08-10,M
Cassandra Lopez,1958-05-24,F
Bradley Shaw,1958-06-12,F
Karen Horne,1988-06-17,M
Kyle Fischer,1994-04-09,F
Kevin Adams,1990-05-18,F
Holly Lopez,1953-01-18,M
Andrea Maldonado,1984-12-28,M
Richard Martinez,1945-11-10,M
Susan Spencer,1946-07-12,F
Michael Schultz,1959-02-03,M
James Schroeder,1960-06-11,M
Christopher Shepard,1998-09-23,F
Justin Stone,1964-10-10,M
Natasha Pennington,1967-04-17,M
Donna Vaughn,1978-03-11,F
Michael Rodriguez,1987-10-25,M
Justin Ingram,1936-10-11,F
Robert Ross,1965-02-05,F
Corey Johnson,1998-09-17,F
James Smith,1979-03-18,F
Jeffrey Osborne,1982-08-17,M
Scott King,2002-07-28,M
Jane Elliott,1993-02-25,M
James King,1939-12-12,F
Gina Cooper,1993-07-03,F
David Oliver,2003-04-04,M
Mary Turner,1937-01-04,M
Andre Thomas,1991-12-27,F
Eric Cain,1950-01-06,M
Austin Wells,1942-11-12,F
Megan Garcia,1986-04-17,M
Joel Brooks,1947-12-24,M
Alfred Gates,1961-02-11,M
James Smith,1939-09-23,F
William Miller,1949-09-02,M
Ashley Bennett,1955-12-23,F
Louis Hudson,1952-07-19,F
Jack Barker,1958-08-08,F
Terry Holmes,1953-09-01,F
Robert Lopez,2002-09-08,F
Samantha Horn,1935-12-20,M
Lori Washington,2002-08-05,M
Kevin Robinson,2002-10-21,M
Linda Brown,1967-09-27,M
Angela Henry,1981-09-07,F
Kimberly Kelley,1979-06-16,M
Kathryn Garcia,1966-06-10,M
Patricia Taylor,1956-05-02,M
Christopher Mckay,1935-05-12,M
Amanda Stephenson,1994-04-16,M
Robert Johnson,1937-08-13,F
Latoya Rose,1955-05-05,M
Harry Mayer,1999-11-07,M
Melissa Nguyen,1967-03-16,M
Rhonda Bass,1966-02-17,M
Sarah Knox,1969-02-08,M
Kenneth Mahoney,1992-05-03,F
Jeffery Taylor,1989-03-15,M
David Forbes,1988-08-14,F
Jonathan Stewart,1945-03-01,M
Nicole Allen,1990-12-05,F
George Powell,1953-04-19,F
Timothy Craig,1976-03-15,M
Jennifer Myers,1946-07-28,M
Eric Meyer,1951-01-16,F
Edward Gray,1982-10-14,M
Timothy Carr,1964-05-02,F
Mary Gutierrez,1936-08-10,M
Caleb Walker,2002-08-13,M
Marissa Hines,1947-07-04,F
Mr. Jason Chapman,1938-04-25,F
Maria Campos,1971-06-08,F
Cassandra Atkins,1934-02-27,M
Keith Barker,1958-10-18,M
Kyle Harris,1955-09-24,M
Terri Stuart,1976-04-09,F
Nicole White,1990-10-29,F
Melanie Oneill,1996-09-23,M
Beth Taylor,1955-02-23,F
Jessica Mccormick,1983-01-09,F
Thomas Peterson,1948-03-22,M
Anna Smith,1976-10-24,F
Katherine Thompson,1955-12-04,M
Arthur Ramos,1977-06-28,M
Margaret Edwards,1960-07-02,M
Michele Hodge,1933-04-25,M
Linda Hood,1942-06-24,M
Thomas Vasquez,2005-07-23,F
Pamela Patton,1960-11-18,M
Todd Rosales,1982-05-14,F
Teresa Campbell,2005-06-24,F
Andrew Cruz,1970-07-20,M
David Ryan,1994-08-29,M
Joseph Daniels,1973-01-28,F
Sergio Booth,1963-02-09,M
Robert Jones,1988-04-12,F
Lauren Armstrong,1962-10-22,M
Edward Singh,1979-02-15,M
Scott Bowen,1934-01-04,M
Michael Burgess,1969-10-26,F
Antonio Gibson,2002-06-29,M
Kyle Ryan,1955-01-30,F
Anna Petty,1989-06-11,F
Kimberly Lucas,1989-03-19,F
Samuel Ramsey,1981-05-10,F
Blake Howard,1945-08-28,M
Samantha Garcia,1977-10-31,M
Andrew Salas,1938-10-12,F
Angela Johnson,1994-12-25,M
Seth Collins,1973-07-09,F
Stephanie Mason,1986-10-25,F
Adriana Johnson,1982-12-14,F
Chad Mcclain,1982-09-24,M
Carla Stephens,1998-01-15,M
Sherry Howard,1965-03-26,F
Gregory Henderson,1949-08-15,F
David Barnett,1997-01-20,F
Daniel Mcdaniel,1949-10-31,M
Diane Mills,1985-10-22,F
Donald George,1960-07-06,M
Brandon Barrera,2002-04-04,F
Sandra Hodge,1994-11-09,F
Jon Murphy,1987-01-03,M
Mark Perry,2004-10-30,F
Brandon Little,1941-06-27,M
Joshua Estrada,1975-07-25,F
Amanda Thomas,1972-08-03,M
Kyle Parrish,1934-09-07,M
Scott English,1963-06-01,M
Elizabeth Reed,1935-02-28,M
Jessica Parker,2005-12-21,F
Cole Gonzales,1981-11-15,M
David Barnett,1994-06-03,M
Christopher Buckley,1964-03-31,M
Frank Lewis,1992-06-30,F
Randall Miller,1939-01-29,M
Justin Lloyd,2001-10-22,M
Jeffrey Welch MD,1934-02-05,M
John Bishop,1995-10-11,F
Alexandra Mcdowell,1969-06-01,F
Dale Brown,1945-03-06,M
Hannah King,1936-12-11,M
Amanda Moran,1947-06-10,M
Kathleen Reed,1988-01-26,M
Phillip Smith,1978-06-04,F
Allison Smith,2002-04-24,F
Nicholas Garner,2002-04-26,M
Emily Patterson,1963-08-08,M
Brian Morgan,1952-11-01,F
Scott Bailey,1997-06-18,M
Melissa Smith,1980-08-11,F
Pamela Stanley,1934-04-20,M
Phyllis Lee,1938-01-13,F
Anthony Anderson,1978-07-07,F
Andrew Jackson,1986-04-19,F
Christopher Mitchell,1949-07-19,M
Taylor Bates,1997-04-22,M
Keith Cooper,1968-05-17,M
David Allen,1955-07-31,F
Kim Simmons,2005-01-25,M
Tracy Saunders,1937-08-29,F
Jerry Kelly,1999-07-18,M
Anthony Andrade,1940-05-04,M
Emily Munoz,1956-11-12,F
Douglas Holloway,1940-11-29,F
Brett Adams,1950-03-22,M
Brittany Morrison,1949-07-02,F
Richard Mckee,1987-01-20,F
Justin Reid,1944-03-22,M
Kimberly Bryant,1965-12-02,F
Christopher Werner,1947-12-02,M
Ms. Brooke Vargas,1957-11-09,F
Anthony Fuller,1936-01-24,M
Jeffrey Bush,1941-05-31,F
Stacy Ryan,1976-03-26,M
Joan Moore,1951-09-28,F
Christina Khan,1954-11-12,F
Jeffery Thompson,1978-06-19,M
Steven Sanchez,1961-08-15,M
Taylor Singh,1999-05-18,M
Stephen Jones,1971-10-09,F
Erik Bautista,2002-06-04,M
Patrick Nelson,1968-08-21,F
John Smith,1953-08-01,M
Jennifer Smith,1983-12-16,F
Andre Galvan,1941-07-25,F
Richard Irwin,1983-10-14,M
John Roberts,1969-04-04,F
Stephanie Coleman,1989-02-24,M
Diana Williams,1992-07-10,M
Jerry Holloway,1973-07-14,M
Jeffrey Tate,1981-01-16,F
Melanie Collins,1986-01-29,F
James Rodriguez,1966-11-16,M
Jacqueline Brown,1954-10-04,F
Michael Adams,1946-06-22,M
Beverly Mayer,1990-02-09,M
Danny Martinez,2003-11-06,F
Travis Cox,1938-07-31,M
Kaylee Duffy,1940-10-31,F
Nicole Mason,1962-04-10,M
Jeffrey Shaw,1987-08-03,F
Mary Russell MD,1946-09-24,F
Frank Carroll,1981-12-26,M
Brandon Mullins,1994-11-13,M
Robert Ward,1938-07-31,F
Bryan Powers,1964-02-19,M
Amy Cole,1948-03-10,M
Lori Sanders,1949-07-06,M
Katherine Zuniga DDS,1979-09-05,M
Adam Moore PhD,1936-10-30,M
Katherine Smith,1986-02-13,F
David Michael,1937-12-07,F
George Wright,1945-11-19,F
Joseph Brady,1969-01-26,M
Thomas Mckenzie,1936-08-24,M
Savannah Moore,1934-01-30,F
Alicia Johnson,1969-01-11,M
Erin Rodriguez,1996-03-21,M
Andrea Humphrey,1968-09-25,F
David Bender,1984-10-11,F
Roberta Allen,1960-10-04,F
Maria Fisher,1993-11-03,M
Ryan Hicks,1973-12-25,M
Christopher Blevins,1987-12-19,M
Jennifer Zimmerman,2003-07-19,F
Michael Barrett,1968-09-19,F
Benjamin Sparks,1942-04-13,M
Jeremy Potter,1956-04-10,M
Jason Morton Jr.,1998-12-29,F
Kaitlyn Alvarez,1976-01-18,M
Jessica Warren,2000-08-20,F
Melissa Bryant,1940-04-12,M
Leslie Hughes,1951-04-01,M
William Johnson,1947-08-02,F
Kristina Bryant,1995-12-29,M
Rebecca Young,1961-02-09,F
Claudia Harvey,1969-12-16,M
Nicholas Oconnor,1991-06-08,M
Jodi Stewart,1961-09-26,M
Gary Mosley,1987-10-15,M
Alyssa Morgan,1962-01-06,F
Christina Harris,1982-08-06,F
Ashley Hunt,1969-12-06,M
Chloe Edwards,1947-09-03,F
Kenneth Mccarthy,1995-08-15,M
Edward Murphy,1982-04-19,F
Alexander Manning,2003-08-17,M
David Mayo,1997-05-15,F
Theresa Stevens,1949-05-12,F
Donald Carroll,2001-03-21,M
Kimberly Oliver,1947-02-07,F
Edward English,1992-10-29,F
