address,city,state
30546 Angela Grove,Savannah,Georgia
821 Ruben Forges,Rochester,New York
87747 Ross Parks Apt. 527,Chicago,Illinois
0151 Nicole Road Apt. 213,Tacoma,Washington
37403 Leonard Circles Apt. 238,Spokane,Washington
5869 Willis Summit,Springfield,Illinois
8952 Zhang Prairie,Peoria,Illinois
1835 Charles Trail,Savannah,Georgia
0083 Jasmine Canyon Suite 151,Springfield,Illinois
122 Mckee Flat Suite 088,Tampa,Florida
577 Robinson Villages Apt. 588,Tacoma,Washington
1921 Gonzalez Trace Apt. 906,San Diego,California
22522 Savage Rest Suite 648,Miami,Florida
2562 Don Garden Suite 520,Rochester,New York
4556 Lydia Junctions,Tampa,Florida
537 Mejia Wall Suite 409,Seattle,Washington
91641 John Islands,Dallas,Texas
8292 Phillips Unions Apt. 404,Orlando,Florida
468 Ashley Lock,Tampa,Florida
38418 Vincent Passage Suite 503,Atlanta,Georgia
96005 Barber Flats Apt. 267,Austin,Texas
1036 Edwards Flats Suite 078,Peoria,Illinois
264 Marshall Islands,Buffalo,New York
7083 Mahoney Street,Savannah,Georgia
12635 Joseph Street Suite 224,Savannah,Georgia
834 Christine Orchard Apt. 381,Chicago,Illinois
38500 Robert Meadow,Tacoma,Washington
2453 Mary Meadow Apt. 952,Orlando,Florida
8168 Weaver Plaza Apt. 175,Chicago,Illinois
478 Thomas Rest Apt. 466,Seattle,Washington
1697 Coleman Fork Suite 182,Los Angeles,California
88034 Baker Trafficway,Allentown,Pennsylvania
70360 Jill Points,Austin,Texas
360 Jessica Square,Pittsburgh,Pennsylvania
5567 Johnston Lodge Suite 478,Los Angeles,California
150 Elizabeth Path Suite 550,Buffalo,New York
049 William Parkways,Atlanta,Georgia
5686 Jones Lane,Savannah,Georgia
3419 Griffin Keys,Allentown,Pennsylvania
4620 Shannon Dale Suite 351,Los Angeles,California
6344 Douglas Brooks,Augusta,Georgia
73551 West Spur,Rochester,New York
9944 April Squares,San Diego,California
617 Jones Drive Suite 929,Los Angeles,California
7120 Jennifer Station,San Diego,California
0794 Miller Place,Allentown,Pennsylvania
91617 Cole Underpass,Tampa,Florida
3828 William Turnpike,Augusta,Georgia
680 Shawn Valleys,Atlanta,Georgia
334 Simmons Branch Suite 380,Atlanta,Georgia
